タイトル,URL,更新日,サイズ,ファイルタイプ
（ご注意）気温低下に伴うガス給湯器の凍結にご注意ください,https://www.shizuokagas.co.jp/page.jsp?id=48691,(不明),"9,985",text/html;charset=utf-8
「SHIZGASでんき」電気供給約款の変更について,https://www.shizuokagas.co.jp/page.jsp?id=50450,(不明),"16,011",text/html;charset=UTF-8
"「インボイス制度」開始に伴う 都市ガス・電気料金の対応について",https://www.shizuokagas.co.jp/info/notice/index.html/,(不明),"28,238",text/html;charset=UTF-8
「エネリアe街チケット」の提供開始,https://www.shizuokagas.co.jp/page.jsp?id=50735,(不明),"16,200",text/html;charset=UTF-8
「エネリアハウスクリーニング」の提供開始,https://www.shizuokagas.co.jp/page.jsp?id=50551,(不明),"16,891",text/html;charset=UTF-8
「オーナーズクラブ会員さま向けショールーム講座」開催のお知らせ,https://www.shizuokagas.co.jp/page.jsp?id=48741,(不明),"15,060",text/html;charset=UTF-8
「お客さまコード」から「ご使用先番号」への変更と延滞利息制度の導入について,https://www.shizuokagas.co.jp/information/news/2009_1/0311_1.html/,(不明),"13,947",text/html;charset=UTF-8
「シズガスカップ静岡ジェードオープン卓球大会」,https://www.shizuokagas.co.jp/page.jsp?id=49656,(不明),"14,629",text/html;charset=UTF-8
"「シズガスの森」森林教室 開催",https://www.shizuokagas.co.jp/page.jsp?id=49482,(不明),"12,398",text/html;charset=UTF-8
「つるしびな展inエネリアショールーム柿田川」,https://www.shizuokagas.co.jp/page.jsp?id=50188,(不明),"12,643",text/html;charset=UTF-8
「ふじのくにエコチャレンジCUP」CSR・エコオフィス部門でグランプリを受賞,https://www.shizuokagas.co.jp/information/news/2015/0306_2.html/,(不明),"10,739",text/html;charset=shift_jis
「リンナイ製浴室暖房乾燥機」をご使用のお客さまへ,https://www.shizuokagas.co.jp/info/product/safe/2018/0309.html/,(不明),"16,754",text/html;charset=UTF-8
「夏休み・清水エル・エヌ・ジー基地親子見学会」のご案内,https://www.shizuokagas.co.jp/page.jsp?id=49076,(不明),"14,096",text/html;charset=UTF-8
「酷暑乗り切り緊急支援」に基づく都市ガス・電気料金の値引きについて,https://www.shizuokagas.co.jp/info/notice/index2.html/,(不明),"15,055",text/html;charset=UTF-8
「酷暑乗り切り緊急支援」に基づく都市ガス・電気料金の値引きについて,https://www.shizuokagas.co.jp/page.jsp?id=50783,(不明),"11,082",text/html;charset=UTF-8
「商売繁盛割」のご案内,https://www.shizuokagas.co.jp/biz/electric/menu/shobaihanjo.html/,(不明),"33,926",text/html;charset=UTF-8
「低圧電力」のご案内,https://www.shizuokagas.co.jp/biz/electric/menu/teiatsu.html/,(不明),"14,791",text/html;charset=UTF-8
「電気料金試算」のご案内,https://www.shizuokagas.co.jp/biz/electric/trial/index.html/,(不明),"15,269",text/html;charset=UTF-8
『２０２３春のエネリア祭』のお知らせ,https://www.shizuokagas.co.jp/page.jsp?id=48759,(不明),"13,101",text/html;charset=utf-8
『エネリアサマーキャンペーン沼津地区』のお知らせ,https://www.shizuokagas.co.jp/page.jsp?id=49105,(不明),"12,195",text/html;charset=utf-8
『エネリアサマーキャンペーン富士地区』のお知らせ,https://www.shizuokagas.co.jp/page.jsp?id=49071,(不明),"13,860",text/html;charset=utf-8
『エネリア東部　リフォームフェアinタカラショールーム』のお知らせ,https://www.shizuokagas.co.jp/page.jsp?id=49033,(不明),"13,066",text/html;charset=utf-8
『くらし応援ハウスクリーニングキャンペーン』のご案内,https://www.shizuokagas.co.jp/page.jsp?id=49663,(不明),"11,409",text/html;charset=utf-8
"『リフォーム＆ガス機器 大展示会』のお知らせ",https://www.shizuokagas.co.jp/page.jsp?id=48773,(不明),"12,461",text/html;charset=utf-8
【エネリア祭2024開催のご案内（清水会場）】,https://www.shizuokagas.co.jp/page.jsp?id=50924,(不明),"13,636",text/html;charset=utf-8
【エネリア祭2024開催のご案内（静岡会場）】,https://www.shizuokagas.co.jp/page.jsp?id=50929,(不明),"14,677",text/html;charset=utf-8
【オンラインショップOPEN！】,https://www.shizuokagas.co.jp/page.jsp?id=50357,(不明),"10,216",text/html;charset=utf-8
【ガス会社を名乗る不審電話等にご注意ください！】,https://www.shizuokagas.co.jp/page.jsp?id=44337,(不明),"11,219",text/html;charset=utf-8
【プライバシーポリシー改定のお知らせ】,https://www.shizuokagas.co.jp/page.jsp?id=44450,(不明),"13,715",text/html;charset=utf-8
【柿田川】8/4ベルテックス静岡と一緒に　夏を楽しもう！,https://www.shizuokagas.co.jp/page.jsp?id=50684,(不明),"13,247",text/html;charset=UTF-8
"【柿田川】ハロウィンフェスティバル inエネリアショールーム柿田川",https://www.shizuokagas.co.jp/page.jsp?id=50913,(不明),"13,068",text/html;charset=UTF-8
"【柿田川】親子でそなえる！ まなBO-SAI",https://www.shizuokagas.co.jp/page.jsp?id=50830,(不明),"13,191",text/html;charset=UTF-8
【静岡】8/3ベルテックス静岡と一緒に夏を楽しもう！,https://www.shizuokagas.co.jp/page.jsp?id=50688,(不明),"13,193",text/html;charset=UTF-8
【静岡】エネリアショールームだヨ！全員集合,https://www.shizuokagas.co.jp/page.jsp?id=50334,(不明),"13,344",text/html;charset=UTF-8
【静岡】まなBO-SAI,https://www.shizuokagas.co.jp/page.jsp?id=50440,(不明),"13,073",text/html;charset=UTF-8
"【静岡】駿河トロベーWeek in 静岡ガス",https://www.shizuokagas.co.jp/page.jsp?id=50850,(不明),"13,199",text/html;charset=UTF-8
【静岡・柿田川】“つなぐ”アート展,https://www.shizuokagas.co.jp/page.jsp?id=50874,(不明),"13,453",text/html;charset=UTF-8
【先着24名】深海魚に会いに戸田に行こう！,https://www.shizuokagas.co.jp/page.jsp?id=49438,(不明),"14,633",text/html;charset=UTF-8
☆エネリア東部ECサイトOPEN！☆,https://www.shizuokagas.co.jp/page.jsp?id=50379,(不明),"10,926",text/html;charset=utf-8
12月開催セミナーイベントのお知らせ,https://www.shizuokagas.co.jp/page.jsp?id=49709,(不明),"15,149",text/html;charset=UTF-8
2022年温室効果ガス排出量の第三者検証を取得,https://www.shizuokagas.co.jp/page.jsp?id=49940,(不明),"5,993",text/html;charset=UTF-8
20231005_ザリガニ釣り体験を開催,https://www.shizuokagas.co.jp/page.jsp?id=50167,(不明),"6,332",text/html;charset=UTF-8
20231010_エネルギーイベントを開催〔社会福祉法人春風会もくせい苑〕,https://www.shizuokagas.co.jp/page.jsp?id=50092,(不明),"6,539",text/html;charset=UTF-8
20231103_「シズガスの森」森林教室を初開催,https://www.shizuokagas.co.jp/page.jsp?id=50090,(不明),"6,566",text/html;charset=UTF-8
20231108_エネルギー・環境講座を開催〔視覚サポートなごみ〕,https://www.shizuokagas.co.jp/page.jsp?id=50089,(不明),"6,840",text/html;charset=UTF-8
20231113_ふれあいガーデンで地元大学と秋みつけ授業を開催,https://www.shizuokagas.co.jp/page.jsp?id=50087,(不明),"6,680",text/html;charset=UTF-8
20231202_静岡県ドリカムスタート事業「軟式野球クリニック」（藤枝）,https://www.shizuokagas.co.jp/page.jsp?id=50085,(不明),"6,494",text/html;charset=UTF-8
20231209_シズガスカップ静岡ジェードオープン卓球大会を初開催,https://www.shizuokagas.co.jp/page.jsp?id=50084,(不明),"6,490",text/html;charset=UTF-8
20231210_藻場再生活動を実施,https://www.shizuokagas.co.jp/page.jsp?id=50083,(不明),"6,468",text/html;charset=UTF-8
20231225_「静岡市森林環境アドプト企業」に認定,https://www.shizuokagas.co.jp/page.jsp?id=50018,(不明),"6,478",text/html;charset=UTF-8
2023年温室効果ガス排出量の第三者検証を取得,https://www.shizuokagas.co.jp/page.jsp?id=50917,(不明),"5,992",text/html;charset=UTF-8
20240112_ニューイヤーコンサートVol.22を開催,https://www.shizuokagas.co.jp/page.jsp?id=50178,(不明),"6,484",text/html;charset=UTF-8
20240123_静岡県ドリカムスタート事業「軟式野球クリニック」を実施（清水）,https://www.shizuokagas.co.jp/page.jsp?id=50184,(不明),"6,724",text/html;charset=UTF-8
20240211_「富士宮駅伝」の運営ボランティアに参加,https://www.shizuokagas.co.jp/page.jsp?id=50593,(不明),"6,637",text/html;charset=UTF-8
20240211_静岡ガスPresents富士山静岡交響楽団ふれあいコンサートを初開催,https://www.shizuokagas.co.jp/page.jsp?id=50217,(不明),"6,711",text/html;charset=UTF-8
20240302_茶の苗植え作業支援を実施,https://www.shizuokagas.co.jp/page.jsp?id=50595,(不明),"6,455",text/html;charset=UTF-8
20240303_「富士山サイクルロードレース」の運営ボランティアに参加,https://www.shizuokagas.co.jp/page.jsp?id=50596,(不明),"6,486",text/html;charset=UTF-8
"20240308_地域貢献活動 社内表彰を実施",https://www.shizuokagas.co.jp/page.jsp?id=50597,(不明),"6,538",text/html;charset=UTF-8
20240316_小さな親切運動に参加（下田）,https://www.shizuokagas.co.jp/page.jsp?id=50652,(不明),"6,407",text/html;charset=UTF-8
"20240318_「2023年度 静岡ガス奨学金制度 情報交換会」を開催",https://www.shizuokagas.co.jp/page.jsp?id=50598,(不明),"6,665",text/html;charset=UTF-8
20240407_「シズガスの森」植樹活動を開催,https://www.shizuokagas.co.jp/page.jsp?id=50599,(不明),"6,506",text/html;charset=UTF-8
20240407_「静岡まつり2024」にボランティア参加,https://www.shizuokagas.co.jp/page.jsp?id=50600,(不明),"6,414",text/html;charset=UTF-8
20240511_清水エスパルスマッチデー「静岡ガス＆エネリアデー」を開催,https://www.shizuokagas.co.jp/page.jsp?id=50601,(不明),"6,529",text/html;charset=UTF-8
20240518_ごみ拾いウォーキングを開催,https://www.shizuokagas.co.jp/page.jsp?id=50653,(不明),"6,308",text/html;charset=UTF-8
20240518_三島市・楽寿園の整備活動に参加,https://www.shizuokagas.co.jp/page.jsp?id=50654,(不明),"6,363",text/html;charset=UTF-8
20240518_三保松原の清掃活動にボランティア参加,https://www.shizuokagas.co.jp/page.jsp?id=50602,(不明),"6,472",text/html;charset=UTF-8
20240608_静岡ガスPresents富士山静岡交響楽団ふれあいコンサートを開催（裾野市立深良小学校）,https://www.shizuokagas.co.jp/page.jsp?id=50655,(不明),"6,590",text/html;charset=UTF-8
20240609_伊豆半島ジオパークとの連携イベントvol.17を開催,https://www.shizuokagas.co.jp/page.jsp?id=50656,(不明),"6,660",text/html;charset=UTF-8
20240618_「こころの劇場」運営ボランティアに参加,https://www.shizuokagas.co.jp/page.jsp?id=50720,(不明),"6,764",text/html;charset=UTF-8
20240705_胡蝶蘭を福祉施設等へ寄贈,https://www.shizuokagas.co.jp/page.jsp?id=50723,(不明),"6,193",text/html;charset=UTF-8
20240715_伊豆半島ジオパークとの連携イベントvol.18を開催,https://www.shizuokagas.co.jp/page.jsp?id=50765,(不明),"6,709",text/html;charset=UTF-8
20240718_第25回静岡ガス奨学生決定,https://www.shizuokagas.co.jp/page.jsp?id=50766,(不明),"6,333",text/html;charset=UTF-8
20240802_教員研修を開催,https://www.shizuokagas.co.jp/page.jsp?id=50808,(不明),"6,303",text/html;charset=UTF-8
20240802_清水みなと祭りにボランティア参加,https://www.shizuokagas.co.jp/page.jsp?id=50806,(不明),"6,382",text/html;charset=UTF-8
20240821_障がいや病の子どもたちに芸術を届けるプロジェクトvo.1開催,https://www.shizuokagas.co.jp/page.jsp?id=50834,(不明),"6,532",text/html;charset=UTF-8
20240918_天皇賜杯運営ボランティアに参加,https://www.shizuokagas.co.jp/page.jsp?id=50905,(不明),"6,506",text/html;charset=UTF-8
20240919_ヘルプマーク社内講習会を開催,https://www.shizuokagas.co.jp/page.jsp?id=50907,(不明),"6,375",text/html;charset=UTF-8
20240928_「シズガスの森」下草刈りを開催,https://www.shizuokagas.co.jp/page.jsp?id=50944,(不明),"6,348",text/html;charset=UTF-8
2024リフォームフェア,https://www.shizuokagas.co.jp/page.jsp?id=50158,(不明),"11,877",text/html;charset=utf-8
"2024年 新春運だめし抽選会 in エネリアショールーム柿田川",https://www.shizuokagas.co.jp/page.jsp?id=50012,(不明),"12,842",text/html;charset=UTF-8
"2024年度公式戦が開幕 東海五県軟式野球大会準優勝",https://www.shizuokagas.co.jp/page.jsp?id=50555,(不明),"5,486",text/html;charset=UTF-8
2024年度新人が加入しました,https://www.shizuokagas.co.jp/page.jsp?id=50437,(不明),"5,949",text/html;charset=UTF-8
"2030VISION 静岡ガスグループ2030年ビジョン | 静岡ガス",https://www.shizuokagas.co.jp/about/2030vision/index.html,"2024/01/24 水曜日 9:00:00","18,145",text/html
"2030VISION 静岡ガスグループ2030年ビジョン | 静岡ガス",https://www.shizuokagas.co.jp/about/2030vision/,"2024/01/24 水曜日 9:00:00","18,145",text/html
4月開催「静ガスオーナーズクラブ主催セミナー」のお知らせ,https://www.shizuokagas.co.jp/page.jsp?id=48762,(不明),"14,923",text/html;charset=UTF-8
4月開催セミナーのお知らせ,https://www.shizuokagas.co.jp/page.jsp?id=50219,(不明),"15,355",text/html;charset=UTF-8
7月開催セミナーのお知らせ,https://www.shizuokagas.co.jp/page.jsp?id=50622,(不明),"15,168",text/html;charset=UTF-8
ABOUT｜静岡ガスグループ・新卒／キャリア採用,https://www.shizuokagas.co.jp/recruit/html/about/,"2024/06/17 月曜日 9:00:00","16,327",text/html
BEMS,https://www.shizuokagas.co.jp/biz/energy/bems.html/,(不明),"15,072",text/html;charset=UTF-8
"BRIDGE SHIZUOKA Vol.0 Pre-event REPORT｜静岡ガス",https://www.shizuokagas.co.jp/bridgeshizuoka/report/00/index.html,"2023/07/10 月曜日 9:00:00","13,506",text/html
"BRIDGE SHIZUOKA Vol.1 REPORT｜静岡ガス",https://www.shizuokagas.co.jp/bridgeshizuoka/report/01/index.html,"2023/07/10 月曜日 9:00:00","12,682",text/html
"BRIDGE SHIZUOKA vol.10 REPORT｜静岡ガス",https://www.shizuokagas.co.jp/bridgeshizuoka/report/10/index.html,"2024/09/03 火曜日 9:00:00","14,978",text/html
"BRIDGE SHIZUOKA vol.2 REPORT｜静岡ガス",https://www.shizuokagas.co.jp/bridgeshizuoka/report/02/index.html,"2023/07/10 月曜日 9:00:00","12,644",text/html
"BRIDGE SHIZUOKA vol.3 REPORT｜静岡ガス",https://www.shizuokagas.co.jp/bridgeshizuoka/report/03/index.html,"2023/07/10 月曜日 9:00:00","13,636",text/html
"BRIDGE SHIZUOKA vol.4 REPORT｜静岡ガス",https://www.shizuokagas.co.jp/bridgeshizuoka/report/04/index.html,"2023/07/10 月曜日 9:00:00","14,326",text/html
"BRIDGE SHIZUOKA vol.5 REPORT｜静岡ガス",https://www.shizuokagas.co.jp/bridgeshizuoka/report/06/index.html,"2023/07/10 月曜日 9:00:00","13,579",text/html
"BRIDGE SHIZUOKA vol.5 REPORT｜静岡ガス",https://www.shizuokagas.co.jp/bridgeshizuoka/report/05/index.html,"2023/07/10 月曜日 9:00:00","13,124",text/html
"BRIDGE SHIZUOKA vol.7 REPORT｜静岡ガス",https://www.shizuokagas.co.jp/bridgeshizuoka/report/07/index.html,"2023/07/10 月曜日 9:00:00","15,392",text/html
"BRIDGE SHIZUOKA vol.8 REPORT｜静岡ガス",https://www.shizuokagas.co.jp/bridgeshizuoka/report/08/index.html,"2023/07/10 月曜日 9:00:00","14,897",text/html
"BRIDGE SHIZUOKA vol.9 REPORT｜静岡ガス",https://www.shizuokagas.co.jp/bridgeshizuoka/report/09/index.html,"2023/11/27 月曜日 9:00:00","14,670",text/html
"BRIDGE SHIZUOKA 未来を描く。架け橋になる。｜静岡ガス",https://www.shizuokagas.co.jp/bridgeshizuoka/index.html,"2024/09/03 火曜日 9:00:00","40,114",text/html
CAREER｜静岡ガスグループ・新卒／キャリア採用,https://www.shizuokagas.co.jp/recruit/html/recruit/career/,"2024/06/17 月曜日 9:00:00","10,986",text/html
CAREER｜静岡ガスグループ・新卒／キャリア採用,https://www.shizuokagas.co.jp/recruit/html/recruit/career/Shinshu_Gas.html,"2024/07/04 木曜日 9:00:00","12,328",text/html
CAREER｜静岡ガスグループ・新卒／キャリア採用,https://www.shizuokagas.co.jp/recruit/html/recruit/career/Chuen_Gas.html,"2024/06/06 木曜日 9:00:00","11,237",text/html
CAREER｜静岡ガスグループ・新卒／キャリア採用,https://www.shizuokagas.co.jp/recruit/html/recruit/career/Gotenba_Gas.html,"2024/06/05 水曜日 9:00:00","11,705",text/html
CAREER｜静岡ガスグループ・新卒／キャリア採用,https://www.shizuokagas.co.jp/recruit/html/recruit/career/Shizuoka_Gas_Service.html,"2024/01/17 水曜日 9:00:00","11,865",text/html
CAREER｜静岡ガスグループ・新卒／キャリア採用,https://www.shizuokagas.co.jp/recruit/html/recruit/career/Eneria_Tobu.html,"2023/12/18 月曜日 9:00:00","11,310",text/html
CAREER｜静岡ガスグループ・新卒／キャリア採用,https://www.shizuokagas.co.jp/recruit/html/recruit/career/Shizuoka_Gas_Engineering.html,"2023/12/18 月曜日 9:00:00","11,810",text/html
CAREER｜静岡ガスグループ・新卒／キャリア採用,https://www.shizuokagas.co.jp/recruit/html/recruit/career/description.html,"2024/08/01 木曜日 9:00:00","19,496",text/html
CAREER｜静岡ガスグループ・新卒／キャリア採用,https://www.shizuokagas.co.jp/recruit/html/recruit/career/index.html,"2024/06/17 月曜日 9:00:00","10,986",text/html
CAREER｜静岡ガスグループ・新卒／キャリア採用,https://www.shizuokagas.co.jp/recruit/html/recruit/career/Shizuoka_Gas_Energie.html,"2023/12/18 月曜日 9:00:00","11,005",text/html
CAREER｜静岡ガスグループ・新卒／キャリア採用,https://www.shizuokagas.co.jp/recruit/html/recruit/career/Shizuoka_Gas_Living.html,"2023/12/18 月曜日 9:00:00","11,646",text/html
CAREER｜静岡ガスグループ・新卒／キャリア採用,https://www.shizuokagas.co.jp/recruit/html/recruit/career/Eneria_Shizuoka.html,"2023/08/09 水曜日 9:00:00","10,426",text/html
CO2フリーでんきエコプラスとは,https://www.shizuokagas.co.jp/electric/jcredit.html/,(不明),"16,462",text/html;charset=UTF-8
DXへの取り組み,https://www.shizuokagas.co.jp/about/DX/index.html/,(不明),"17,522",text/html;charset=UTF-8
https://www.google.com/maps/embed?pb=!1m14!1m8!1m3!1d26152.157687917213!2d138.41852000000003!3d34.981171!3m2!1i1024!2i768!4f13.1!3m3!1m2!1s0x0%3A0x478d7b1bb5249621!2z44Ko44ON44Oq44Ki6Z2Z5bKh5Lit5aSu77yI5qCq77yJ!5e0!3m2!1sja!2sjp!4v1638956188948!5m2!1sja!2sjp,https://www.google.com/maps/embed?pb=!1m14!1m8!1m3!1d26152.157687917213!2d138.41852000000003!3d34.981171!3m2!1i1024!2i768!4f13.1!3m3!1m2!1s0x0%3A0x478d7b1bb5249621!2z44Ko44ON44Oq44Ki6Z2Z5bKh5Lit5aSu77yI5qCq77yJ!5e0!3m2!1sja!2sjp!4v1638956188948!5m2!1sja!2sjp,(不明),"2,763","text/html; charset=UTF-8"
https://www.google.com/maps/embed?pb=!1m18!1m12!1m3!1d1631.083250256886!2d138.67746190576935!3d35.152468098252086!2m3!1f0!2f0!3f0!3m2!1i1024!2i768!4f13.1!3m3!1m2!1s0x601a2b1554655023%3A0xb56183ee7bea2f5c!2z6Z2Z5bKh44Ks44K544O744Ko44Oz44K444OL44Ki44Oq44Oz44Kw5qCq5byP5Lya56S-!5e0!3m2!1sja!2sjp!4v1625474051381!5m2!1sja!2sjp,https://www.google.com/maps/embed?pb=!1m18!1m12!1m3!1d1631.083250256886!2d138.67746190576935!3d35.152468098252086!2m3!1f0!2f0!3f0!3m2!1i1024!2i768!4f13.1!3m3!1m2!1s0x601a2b1554655023%3A0xb56183ee7bea2f5c!2z6Z2Z5bKh44Ks44K544O744Ko44Oz44K444OL44Ki44Oq44Oz44Kw5qCq5byP5Lya56S-!5e0!3m2!1sja!2sjp!4v1625474051381!5m2!1sja!2sjp,(不明),"2,599","text/html; charset=UTF-8"
https://www.google.com/maps/embed?pb=!1m18!1m12!1m3!1d3262.1581137733656!2d138.67562931524446!3d35.15267728032098!2m3!1f0!2f0!3f0!3m2!1i1024!2i768!4f13.1!3m3!1m2!1s0x601a2b2068194727%3A0x7a2e575aadf967bc!2z44CSNDE3LTAwMzQg6Z2Z5bKh55yM5a-M5aOr5biC5rSl55Sw77yS77yW77yQ!5e0!3m2!1sja!2sjp!4v1626320497147!5m2!1sja!2sjp,https://www.google.com/maps/embed?pb=!1m18!1m12!1m3!1d3262.1581137733656!2d138.67562931524446!3d35.15267728032098!2m3!1f0!2f0!3f0!3m2!1i1024!2i768!4f13.1!3m3!1m2!1s0x601a2b2068194727%3A0x7a2e575aadf967bc!2z44CSNDE3LTAwMzQg6Z2Z5bKh55yM5a-M5aOr5biC5rSl55Sw77yS77yW77yQ!5e0!3m2!1sja!2sjp!4v1626320497147!5m2!1sja!2sjp,(不明),"2,383","text/html; charset=UTF-8"
https://www.google.com/maps/embed?pb=!1m18!1m12!1m3!1d3263.459265793545!2d138.8748973155401!3d35.12021096814163!2m3!1f0!2f0!3f0!3m2!1i1024!2i768!4f13.1!3m3!1m2!1s0x601985732912b351%3A0xdd1406517a376fed!2z44Ko44ON44Oq44Ki5p2x6YOo5Lit5aSu5qCq5byP5Lya56S-IOayvOa0peW6lw!5e0!3m2!1sja!2sjp!4v1550015030198,https://www.google.com/maps/embed?pb=!1m18!1m12!1m3!1d3263.459265793545!2d138.8748973155401!3d35.12021096814163!2m3!1f0!2f0!3f0!3m2!1i1024!2i768!4f13.1!3m3!1m2!1s0x601985732912b351%3A0xdd1406517a376fed!2z44Ko44ON44Oq44Ki5p2x6YOo5Lit5aSu5qCq5byP5Lya56S-IOayvOa0peW6lw!5e0!3m2!1sja!2sjp!4v1550015030198,(不明),"2,678","text/html; charset=UTF-8"
https://www.google.com/maps/embed?pb=!1m18!1m12!1m3!1d3268.0599547418656!2d138.47895327560354!3d35.005204272813046!2m3!1f0!2f0!3f0!3m2!1i1024!2i768!4f13.1!3m3!1m2!1s0x601a314d8387ee5f%3A0xa84d45b565456525!2z44CSNDI0LTA4NTIg6Z2Z5bKh55yM6Z2Z5bKh5biC5riF5rC05Yy656We55Sw55S677yW4oiS77yW!5e0!3m2!1sja!2sjp!4v1719537472268!5m2!1sja!2sjp,https://www.google.com/maps/embed?pb=!1m18!1m12!1m3!1d3268.0599547418656!2d138.47895327560354!3d35.005204272813046!2m3!1f0!2f0!3f0!3m2!1i1024!2i768!4f13.1!3m3!1m2!1s0x601a314d8387ee5f%3A0xa84d45b565456525!2z44CSNDI0LTA4NTIg6Z2Z5bKh55yM6Z2Z5bKh5biC5riF5rC05Yy656We55Sw55S677yW4oiS77yW!5e0!3m2!1sja!2sjp!4v1719537472268!5m2!1sja!2sjp,(不明),"2,294","text/html; charset=UTF-8"
https://www.google.com/maps/embed?pb=!1m18!1m12!1m3!1d3269.3185517989377!2d138.3929463152396!3d34.97368478036529!2m3!1f0!2f0!3f0!3m2!1i1024!2i768!4f13.1!3m3!1m2!1s0x601a49fea6f9b2ef%3A0xbc3f74f18e0ab424!2z6Z2Z5bKh44Ks44K577yI5qCq77yJIOOCqOODjeODquOCoumdmeWyoeOCt-ODp-ODvOODq-ODvOODoA!5e0!3m2!1sja!2sjp!4v1685508624572!5m2!1sja!2sjp,https://www.google.com/maps/embed?pb=!1m18!1m12!1m3!1d3269.3185517989377!2d138.3929463152396!3d34.97368478036529!2m3!1f0!2f0!3f0!3m2!1i1024!2i768!4f13.1!3m3!1m2!1s0x601a49fea6f9b2ef%3A0xbc3f74f18e0ab424!2z6Z2Z5bKh44Ks44K577yI5qCq77yJIOOCqOODjeODquOCoumdmeWyoeOCt-ODp-ODvOODq-ODvOODoA!5e0!3m2!1sja!2sjp!4v1685508624572!5m2!1sja!2sjp,(不明),"3,756","text/html; charset=UTF-8"
https://www.google.com/maps/embed?pb=!1m18!1m12!1m3!1d817.3296268001664!2d138.39458782922554!3d34.97368589769474!2m3!1f0!2f0!3f0!3m2!1i1024!2i768!4f13.1!3m3!1m2!1s0x601a49fea6f9b2ef%3A0xbc3f74f18e0ab424!2z6Z2Z5bKh44Ks44K577yI5qCq77yJIOOCqOODjeODquOCoumdmeWyoeOCt-ODp-ODvOODq-ODvOODoA!5e0!3m2!1sja!2sjp!4v1679455462907!5m2!1sja!2sjp,https://www.google.com/maps/embed?pb=!1m18!1m12!1m3!1d817.3296268001664!2d138.39458782922554!3d34.97368589769474!2m3!1f0!2f0!3f0!3m2!1i1024!2i768!4f13.1!3m3!1m2!1s0x601a49fea6f9b2ef%3A0xbc3f74f18e0ab424!2z6Z2Z5bKh44Ks44K577yI5qCq77yJIOOCqOODjeODquOCoumdmeWyoeOCt-ODp-ODvOODq-ODvOODoA!5e0!3m2!1sja!2sjp!4v1679455462907!5m2!1sja!2sjp,(不明),"3,756","text/html; charset=UTF-8"
https://www.shizuokagas.co.jp/business/index.html,https://www.shizuokagas.co.jp/business/index.html,"2018/07/03 火曜日 9:00:00",59,text/html
https://www.shizuokagas.co.jp/company/index.html,https://www.shizuokagas.co.jp/company/index.html,"2017/02/23 木曜日 9:00:00",61,text/html
https://www.shizuokagas.co.jp/company/ir/special/topics.html,https://www.shizuokagas.co.jp/company/ir/special/topics.html,"2019/11/28 木曜日 9:00:00",56,text/html
https://www.shizuokagas.co.jp/home/equipment/,https://www.shizuokagas.co.jp/home/equipment/,"2017/12/28 木曜日 9:00:00",68,text/html
https://www.shizuokagas.co.jp/home/equipment/reform/index.html,https://www.shizuokagas.co.jp/home/equipment/reform/index.html,"2017/12/28 木曜日 9:00:00",65,text/html
https://www.shizuokagas.co.jp/home/recipe/index.html,https://www.shizuokagas.co.jp/home/recipe/index.html,"2017/02/23 木曜日 9:00:00",62,text/html
https://www.shizuokagas.co.jp/home/showroom/index.html,https://www.shizuokagas.co.jp/home/showroom/index.html,"2017/02/23 木曜日 9:00:00",78,text/html
https://www.shizuokagas.co.jp/home/trouble/earthquake.html,https://www.shizuokagas.co.jp/home/trouble/earthquake.html,"2017/02/23 木曜日 9:00:00",68,text/html
https://www.shizuokagas.co.jp/home/trouble/smell.html,https://www.shizuokagas.co.jp/home/trouble/smell.html,"2017/02/23 木曜日 9:00:00",63,text/html
https://www.shizuokagas.co.jp/home/trouble/stop.html,https://www.shizuokagas.co.jp/home/trouble/stop.html,"2017/02/23 木曜日 9:00:00",62,text/html
https://www.shizuokagas.co.jp/inquiry/index.html,https://www.shizuokagas.co.jp/inquiry/index.html,"2017/02/23 木曜日 9:00:00",63,text/html
https://www.shizuokagas.co.jp/link/index.html,https://www.shizuokagas.co.jp/link/index.html,"2017/02/23 木曜日 9:00:00",59,text/html
https://www.shizuokagas.co.jp/login.jsp?url=%2Finformation%2Fnews%2Findex.html%2F,https://www.shizuokagas.co.jp/login.jsp?url=%2Finformation%2Fnews%2Findex.html%2F,(不明),226,text/html;charset=UTF-8
https://www.shizuokagas.co.jp/login.jsp?url=%2Finformation%2Fnewsflash%2Findex.html%2F,https://www.shizuokagas.co.jp/login.jsp?url=%2Finformation%2Fnewsflash%2Findex.html%2F,(不明),226,text/html;charset=UTF-8
https://www.shizuokagas.co.jp/policy/index.html,https://www.shizuokagas.co.jp/policy/index.html,"2017/02/23 木曜日 9:00:00",61,text/html
https://www.shizuokagas.co.jp/recruit/,https://www.shizuokagas.co.jp/recruit/,"2018/12/26 水曜日 9:00:00",74,text/html
https://www.shizuokagas.co.jp/recruit/html/person/person03.html,https://www.shizuokagas.co.jp/recruit/html/person/person03.html,"2024/08/07 水曜日 9:00:00",64,text/html
https://www.shizuokagas.co.jp/recruit/html/recruit/,https://www.shizuokagas.co.jp/recruit/html/recruit/,"2022/12/22 木曜日 9:00:00",67,text/html
https://www.shizuokagas.co.jp/recruit/html/workplace/index.html,https://www.shizuokagas.co.jp/recruit/html/workplace/index.html,"2022/12/22 木曜日 9:00:00",67,text/html
https://www.shizuokagas.co.jp/recruit/index.html,https://www.shizuokagas.co.jp/recruit/index.html,"2018/12/26 水曜日 9:00:00",74,text/html
https://www.shizuokagas.co.jp/sitemap/index.html,https://www.shizuokagas.co.jp/sitemap/index.html,"2017/02/23 木曜日 9:00:00",62,text/html
https://www.shizuokagas.co.jp/special/index.html,https://www.shizuokagas.co.jp/special/index.html,"2019/07/23 火曜日 9:00:00",54,text/html
"LNG受入量1,000万トン達成｜静岡ガス",https://www.shizuokagas.co.jp/information/news/2014/0324.html,"2015/11/13 金曜日 9:00:00","9,864",text/html
micata,https://www.shizuokagas.co.jp/life/micata/index.html/,(不明),"18,082",text/html;charset=UTF-8
"NEW GRADUATES｜静岡ガスグループ・新卒／キャリア採用",https://www.shizuokagas.co.jp/recruit/html/recruit/graduates/,"2024/06/17 月曜日 9:00:00","11,505",text/html
NEWS｜静岡ガスグループのサステナビリティ,https://www.shizuokagas.co.jp/about/sustainability/news.html/,(不明),"8,681",text/html;charset=UTF-8
NEWSバックナンバー｜静岡ガスグループのサステナビリティ,https://www.shizuokagas.co.jp/page.jsp?id=47019&date=2024,(不明),"8,579",text/html;charset=UTF-8
NEWSバックナンバー｜静岡ガスグループのサステナビリティ,https://www.shizuokagas.co.jp/page.jsp?id=47019&date=2023,(不明),"11,186",text/html;charset=UTF-8
NEWSバックナンバー｜静岡ガスグループのサステナビリティ,https://www.shizuokagas.co.jp/page.jsp?id=47019&date=2022,(不明),"10,198",text/html;charset=UTF-8
"ONLINE SHOP | 静岡ガス",https://www.shizuokagas.co.jp/netmall/index.html,"2024/04/02 火曜日 9:00:00","6,660",text/html
"ONLINE SHOP | 静岡ガス",https://www.shizuokagas.co.jp/netmall/,"2024/04/02 火曜日 9:00:00","6,660",text/html
"OWNERS&#700; EXPRESS バックナンバー",https://www.shizuokagas.co.jp/owners/backnumber.html/,(不明),"18,499",text/html;charset=UTF-8
PERSON｜静岡ガスグループ・新卒／キャリア採用,https://www.shizuokagas.co.jp/recruit/html/person/,"2024/08/07 水曜日 9:00:00","15,774",text/html
PERSON｜静岡ガスグループ・新卒／キャリア採用,https://www.shizuokagas.co.jp/recruit/html/person/person01.html,"2023/07/10 月曜日 9:00:00","17,559",text/html
PERSON｜静岡ガスグループ・新卒／キャリア採用,https://www.shizuokagas.co.jp/recruit/html/person/person02.html,"2023/07/10 月曜日 9:00:00","17,840",text/html
PERSON｜静岡ガスグループ・新卒／キャリア採用,https://www.shizuokagas.co.jp/recruit/html/person/person04.html,"2023/07/10 月曜日 9:00:00","17,676",text/html
PERSON｜静岡ガスグループ・新卒／キャリア採用,https://www.shizuokagas.co.jp/recruit/html/person/person05.html,"2023/07/10 月曜日 9:00:00","17,744",text/html
PERSON｜静岡ガスグループ・新卒／キャリア採用,https://www.shizuokagas.co.jp/recruit/html/person/person06.html,"2023/07/10 月曜日 9:00:00","17,860",text/html
PERSON｜静岡ガスグループ・新卒／キャリア採用,https://www.shizuokagas.co.jp/recruit/html/person/person07.html,"2023/07/10 月曜日 9:00:00","17,616",text/html
PERSON｜静岡ガスグループ・新卒／キャリア採用,https://www.shizuokagas.co.jp/recruit/html/person/person08.html,"2023/07/10 月曜日 9:00:00","17,658",text/html
PERSON｜静岡ガスグループ・新卒／キャリア採用,https://www.shizuokagas.co.jp/recruit/html/person/person09.html,"2023/07/10 月曜日 9:00:00","17,846",text/html
PERSON｜静岡ガスグループ・新卒／キャリア採用,https://www.shizuokagas.co.jp/recruit/html/person/person10.html,"2023/07/10 月曜日 9:00:00","17,696",text/html
PERSON｜静岡ガスグループ・新卒／キャリア採用,https://www.shizuokagas.co.jp/recruit/html/person/person11.html,"2023/07/10 月曜日 9:00:00","17,774",text/html
PERSON｜静岡ガスグループ・新卒／キャリア採用,https://www.shizuokagas.co.jp/recruit/html/person/person12.html,"2023/07/10 月曜日 9:00:00","17,895",text/html
PERSON｜静岡ガスグループ・新卒／キャリア採用,https://www.shizuokagas.co.jp/recruit/html/person/person13.html,"2023/07/10 月曜日 9:00:00","17,724",text/html
PERSON｜静岡ガスグループ・新卒／キャリア採用,https://www.shizuokagas.co.jp/recruit/html/person/person14.html,"2023/07/10 月曜日 9:00:00","17,787",text/html
PERSON｜静岡ガスグループ・新卒／キャリア採用,https://www.shizuokagas.co.jp/recruit/html/person/person15.html,"2023/07/10 月曜日 9:00:00","18,192",text/html
PERSON｜静岡ガスグループ・新卒／キャリア採用,https://www.shizuokagas.co.jp/recruit/html/person/person16.html,"2023/07/10 月曜日 9:00:00","17,431",text/html
SBSラジオ番組「鉄崎幹人のWASABI」に出演,https://www.shizuokagas.co.jp/page.jsp?id=50340,(不明),"5,907",text/html;charset=UTF-8
"SDGs 海の日フェスタ  in エネリアショールーム富士",https://www.shizuokagas.co.jp/page.jsp?id=49099,(不明),"12,990",text/html;charset=UTF-8
"SHIZGAS eスポーツフェスタ＆アカデミー | 静岡ガス",https://www.shizuokagas.co.jp/esports/index.html,"2023/07/10 月曜日 9:00:00","16,990",text/html
"SHIZGAS OWNERS’ CLUB 最新情報一覧",https://www.shizuokagas.co.jp/owners/news/index.html/,(不明),"16,025",text/html;charset=UTF-8
"SHIZGASでんきに関するお問い合わせ 入力画面",https://www.shizuokagas.co.jp/inquiry/electric/index.html/,(不明),383,text/html;charset=UTF-8
SHIZGASでんきの節約おうえんサイト｜静岡ガスグループ,https://www.shizuokagas.co.jp/setsuden-ouen/index.html,"2023/11/30 木曜日 9:00:00","55,061",text/html
SHIZGASでんきの節約おうえんサイト｜静岡ガスグループ,https://www.shizuokagas.co.jp/setsuden-ouen/,"2023/11/30 木曜日 9:00:00","55,061",text/html
SHIZGASでんきはじまりのストーリー｜静岡ガス,https://www.shizuokagas.co.jp/reason/index.html,"2023/03/08 水曜日 9:00:00","46,118",text/html
SHIZGASでんきはじまりのストーリー｜静岡ガス,https://www.shizuokagas.co.jp/reason/,"2023/03/08 水曜日 9:00:00","46,118",text/html
SHIZGASでんきをご検討中の方へ｜静岡ガス,https://www.shizuokagas.co.jp/reason/consider/,"2023/02/24 金曜日 9:00:00","8,495",text/html
SHIZGAS家電,https://www.shizuokagas.co.jp/life/consumer/index.html/,(不明),"24,724",text/html;charset=UTF-8
"SPECIAL TOPICS｜静岡ガスグループ・新卒／キャリア採用",https://www.shizuokagas.co.jp/recruit/html/special/,"2024/06/17 月曜日 9:00:00","7,701",text/html
"SPECIAL TOPICS｜静岡ガスグループ・新卒／キャリア採用",https://www.shizuokagas.co.jp/recruit/html/special/topics01.html,"2023/07/10 月曜日 9:00:00","14,065",text/html
"SPECIAL TOPICS｜静岡ガスグループ・新卒／キャリア採用",https://www.shizuokagas.co.jp/recruit/html/special/topics02.html,"2023/07/10 月曜日 9:00:00","14,006",text/html
"STEP1 『どんな会社？』 − よくわかる！静岡ガス｜静岡ガス株式会社",https://www.shizuokagas.co.jp/company/ir/special/01.html,"2019/11/28 木曜日 9:00:00","12,323",text/html
"STEP2 『強みは何？』 − よくわかる！静岡ガス｜静岡ガス株式会社",https://www.shizuokagas.co.jp/company/ir/special/02.html,"2019/11/28 木曜日 9:00:00","12,471",text/html
"STEP3 『業界環境は？』 − よくわかる！静岡ガス｜静岡ガス株式会社",https://www.shizuokagas.co.jp/company/ir/special/03.html,"2019/11/28 木曜日 9:00:00","12,181",text/html
"STEP4 『新たな挑戦』 − よくわかる！静岡ガス｜静岡ガス株式会社",https://www.shizuokagas.co.jp/company/ir/special/04.html,"2019/11/28 木曜日 9:00:00","10,652",text/html
TOPICS｜地域貢献｜静岡ガスグループ,https://www.shizuokagas.co.jp/society/topics.html/,(不明),"137,460",text/html;charset=UTF-8
TOPICS-1｜静岡ガスグループのサステナビリティ,https://www.shizuokagas.co.jp/about/sustainability/topics1.html,"2023/07/10 月曜日 9:00:00","10,157",text/html
TOPICS-2｜静岡ガスグループのサステナビリティ,https://www.shizuokagas.co.jp/about/sustainability/topics2.html,"2023/07/10 月曜日 9:00:00","9,372",text/html
TOPICS-3｜静岡ガスグループのサステナビリティ,https://www.shizuokagas.co.jp/about/sustainability/topics3.html,"2024/01/10 水曜日 9:00:00","8,511",text/html
"WORK STYLE｜静岡ガスグループ・新卒／キャリア採用",https://www.shizuokagas.co.jp/recruit/html/workstyle/,"2024/06/17 月曜日 9:00:00","17,289",text/html
WORKS-ガス供給｜静岡ガスグループ・新卒／キャリア採用,https://www.shizuokagas.co.jp/recruit/html/works/work03.html,"2023/07/10 月曜日 9:00:00","13,489",text/html
WORKS-ガス製造｜静岡ガスグループ・新卒／キャリア採用,https://www.shizuokagas.co.jp/recruit/html/works/work02.html,"2023/07/10 月曜日 9:00:00","12,670",text/html
WORKS-コーポレート｜静岡ガスグループ・新卒／キャリア採用,https://www.shizuokagas.co.jp/recruit/html/works/work08.html,"2023/07/10 月曜日 9:00:00","13,637",text/html
WORKS-デジタル・新サービス｜静岡ガスグループ・新卒／キャリア採用,https://www.shizuokagas.co.jp/recruit/html/works/work06.html,"2023/07/10 月曜日 9:00:00","13,518",text/html
WORKS-営業（家庭用）｜静岡ガスグループ・新卒／キャリア採用,https://www.shizuokagas.co.jp/recruit/html/works/work04.html,"2023/07/10 月曜日 9:00:00","13,317",text/html
WORKS-営業（業務用・産業用）｜静岡ガスグループ・新卒／キャリア採用,https://www.shizuokagas.co.jp/recruit/html/works/work05.html,"2023/07/10 月曜日 9:00:00","13,534",text/html
WORKS-原料調達｜静岡ガスグループ・新卒／キャリア採用,https://www.shizuokagas.co.jp/recruit/html/works/work01.html,"2023/07/10 月曜日 9:00:00","12,447",text/html
WORKS-再エネ・海外｜静岡ガスグループ・新卒／キャリア採用,https://www.shizuokagas.co.jp/recruit/html/works/work07.html,"2023/07/10 月曜日 9:00:00","13,718",text/html
WORKS-私たちにできること｜静岡ガスグループ・新卒／キャリア採用,https://www.shizuokagas.co.jp/recruit/html/works/,"2024/06/17 月曜日 9:00:00","14,033",text/html
ZEBコンサルティング,https://www.shizuokagas.co.jp/page.jsp?id=48864,(不明),"14,317",text/html;charset=UTF-8
あなたにフィット|太陽光発電|静岡ガス,https://www.shizuokagas.co.jp/life/fit/index.html/,(不明),"16,095",text/html;charset=Shift_JIS
あなたの街でも,https://www.shizuokagas.co.jp/biz/naturalgas/naturalgasvehicle/spread.html/,(不明),"16,150",text/html;charset=UTF-8
アフターメンテナンス体制,https://www.shizuokagas.co.jp/enefarm/maintenance.html/,(不明),"17,731",text/html;charset=UTF-8
アプリの各種設定|エネリアつながるIoT|静岡ガス,https://www.shizuokagas.co.jp/life/iot/howto/app/index.html/,(不明),"20,811",text/html;charset=UTF-8
イベント「はじめての伊豆半島ジオパーク、干物づくりにも挑戦！」のご案内,https://www.shizuokagas.co.jp/page.jsp?id=50670,(不明),"13,665",text/html;charset=UTF-8
イベント「南伊豆のあまさんから聞く、海の仕事のお話〜海の幸でわっぱ飯を作ろう」のご案内,https://www.shizuokagas.co.jp/page.jsp?id=49941,(不明),"13,863",text/html;charset=UTF-8
イベント「豊かな海を育む存在、海そう〜伊豆のテングサで作るあんみつ〜」のご案内,https://www.shizuokagas.co.jp/page.jsp?id=49100,(不明),"13,932",text/html;charset=UTF-8
イベント「幼魚水族館の見学と自分だけの‘幼魚パン’づくり」のご案内,https://www.shizuokagas.co.jp/page.jsp?id=48945,(不明),"13,930",text/html;charset=UTF-8
イベント「養殖の現場を見に行こう！」のご案内,https://www.shizuokagas.co.jp/page.jsp?id=50546,(不明),"14,101",text/html;charset=UTF-8
イベント一覧,https://www.shizuokagas.co.jp/event/index.html/,(不明),"20,907",text/html;charset=UTF-8
イベント情報バックナンバー,https://www.shizuokagas.co.jp/event/backnumber.html/?date=2022,(不明),"26,536",text/html;charset=UTF-8
イベント情報バックナンバー,https://www.shizuokagas.co.jp/event/backnumber.html/?date=2021,(不明),"24,850",text/html;charset=UTF-8
イベント情報バックナンバー,https://www.shizuokagas.co.jp/event/backnumber.html/?date=2020,(不明),"18,402",text/html;charset=UTF-8
インターンシップ・ワークショップ募集要項｜静岡ガスグループ・新卒／キャリア採用,https://www.shizuokagas.co.jp/recruit/html/recruit/graduates/internship.html,"2024/09/05 木曜日 9:00:00","14,293",text/html
インドでのバイオガス生成・販売事業への参画について,https://www.shizuokagas.co.jp/page.jsp?id=50726,(不明),"17,295",text/html;charset=UTF-8
インドでの現地子会社の設立について,https://www.shizuokagas.co.jp/page.jsp?id=50901,(不明),"15,473",text/html;charset=UTF-8
ウェブサイトのご利用にあたって,https://www.shizuokagas.co.jp/info/web.html/,(不明),"24,833",text/html;charset=UTF-8
ウェブサイトのご利用にあたって,https://www.shizuokagas.co.jp/info/web.html/,(不明),"24,833",text/html;charset=UTF-8
エクステリア外観,https://www.shizuokagas.co.jp/reform/exterior/index.html/,(不明),"20,067",text/html;charset=UTF-8
エコ・ステーション,https://www.shizuokagas.co.jp/biz/naturalgas/naturalgasvehicle/ecostation.html/,(不明),"18,768",text/html;charset=UTF-8
エコ・ステーション沼津,https://www.shizuokagas.co.jp/biz/naturalgas/naturalgasvehicle/ecostation/numazu.html/,(不明),"19,357",text/html;charset=UTF-8
エコ・ステーション静岡,https://www.shizuokagas.co.jp/biz/naturalgas/naturalgasvehicle/ecostation/shizuoka.html/,(不明),"19,181",text/html;charset=UTF-8
エコウィル発電プラン(家庭用コージェネレーションシステム),https://www.shizuokagas.co.jp/gas/rate/menu/ecowill/index.html/,(不明),"18,349",text/html;charset=UTF-8
エコ得プラン(家庭用高効率給湯・調理契約),https://www.shizuokagas.co.jp/gas/rate/menu/ecotoku/index.html/,(不明),"19,771",text/html;charset=UTF-8
エネファーム・エコウィルのエラー表示について,https://www.shizuokagas.co.jp/support/errormessage.html/,(不明),"23,779",text/html;charset=UTF-8
"エネファーム・蓄電池 防災セミナーのご案内",https://www.shizuokagas.co.jp/page.jsp?id=49437,(不明),"12,466",text/html;charset=utf-8
エネファームtypeSアイシン機,https://www.shizuokagas.co.jp/enefarm/types.html/,(不明),"25,543",text/html;charset=UTF-8
"エネファームパナソニック機 1日の運転パターン",https://www.shizuokagas.co.jp/enefarm/panasonic.html/,(不明),"18,303",text/html;charset=UTF-8
"エネファームパナソニック機 ダブル発電",https://www.shizuokagas.co.jp/enefarm/double.html/,(不明),"16,736",text/html;charset=UTF-8
"エネファームパナソニック機 商品概要",https://www.shizuokagas.co.jp/enefarm/product.html/,(不明),"19,674",text/html;charset=UTF-8
"エネファームパナソニック機 停電時対応",https://www.shizuokagas.co.jp/enefarm/blackout.html/,(不明),"27,227",text/html;charset=UTF-8
エネファーム商談会　開催！,https://www.shizuokagas.co.jp/page.jsp?id=50369,(不明),"12,579",text/html;charset=utf-8
エネファーム発電プラン(家庭用燃料電池契約),https://www.shizuokagas.co.jp/gas/rate/menu/enefarm/index.html/,(不明),"18,580",text/html;charset=UTF-8
"エネリア motto ポイントについて",https://www.shizuokagas.co.jp/point/about.html/,(不明),"18,509",text/html;charset=UTF-8
"エネリア motto ポイントについて",https://www.shizuokagas.co.jp/point/about.html/,(不明),"18,509",text/html;charset=UTF-8
エネリアくらしの防犯サポート,https://www.shizuokagas.co.jp/life/fraud/index.html/,(不明),"16,413",text/html;charset=Shift_JIS
エネリアショールーム,https://www.shizuokagas.co.jp/eneria/showroom/index.html/,(不明),"25,380",text/html;charset=UTF-8
エネリアショールーム柿田川,https://www.shizuokagas.co.jp/eneria/showroom/kakitagawa.html/,(不明),"19,750",text/html;charset=UTF-8
エネリアショールーム静岡,https://www.shizuokagas.co.jp/eneria/showroom/shizuoka.html/,(不明),"19,576",text/html;charset=UTF-8
"エネリアショールーム静岡 リニューアルオープン｜静岡ガス",https://www.shizuokagas.co.jp/information/news/2013/0405.html,"2015/11/13 金曜日 9:00:00","12,061",text/html
エネリアショールーム富士,https://www.shizuokagas.co.jp/eneria/showroom/fuji.html/,(不明),"19,773",text/html;charset=UTF-8
エネリアリフォーム｜静岡ガス,https://www.shizuokagas.co.jp/reform/index.html,"2022/07/29 金曜日 9:00:00","20,646",text/html
エネリア祭2022のご案内　in柿田川会場,https://www.shizuokagas.co.jp/page.jsp?id=47745,(不明),"13,072",text/html;charset=utf-8
エネリア祭2022のご案内　in富士会場,https://www.shizuokagas.co.jp/page.jsp?id=47780,(不明),"15,398",text/html;charset=utf-8
エネリア祭2022のご案内　in富士宮会場,https://www.shizuokagas.co.jp/page.jsp?id=47779,(不明),"13,915",text/html;charset=utf-8
エネリア祭2023【静岡地区】,https://www.shizuokagas.co.jp/page.jsp?id=49680,(不明),"12,792",text/html;charset=UTF-8
エネリア祭2023【東部地区】,https://www.shizuokagas.co.jp/page.jsp?id=49707,(不明),"12,806",text/html;charset=UTF-8
エネリア祭2023【富士宮地区】,https://www.shizuokagas.co.jp/page.jsp?id=49683,(不明),"12,928",text/html;charset=UTF-8
エネリア祭2023【富士地区】,https://www.shizuokagas.co.jp/page.jsp?id=49706,(不明),"12,720",text/html;charset=UTF-8
エネリア祭2023のご案内　in柿田川会場,https://www.shizuokagas.co.jp/page.jsp?id=49670,(不明),"13,572",text/html;charset=utf-8
エネリア祭2023のご案内　in富士会場,https://www.shizuokagas.co.jp/page.jsp?id=49669,(不明),"14,833",text/html;charset=utf-8
エネリア祭2023のご案内　in富士宮会場,https://www.shizuokagas.co.jp/page.jsp?id=49668,(不明),"14,777",text/html;charset=utf-8
エネリア祭2024のご案内　in柿田川会場,https://www.shizuokagas.co.jp/page.jsp?id=50886,(不明),"13,736",text/html;charset=utf-8
エネリア祭2024のご案内　in富士会場,https://www.shizuokagas.co.jp/page.jsp?id=50566,(不明),"15,719",text/html;charset=utf-8
エネリア祭2024のご案内　in富士宮会場,https://www.shizuokagas.co.jp/page.jsp?id=50898,(不明),"15,773",text/html;charset=utf-8
エネリア静岡株式会社,https://www.shizuokagas.co.jp/eneria/shizuoka/index.html/,(不明),"9,723",text/html;charset=utf-8
エネリア静岡北株式会社_old,https://www.shizuokagas.co.jp/eneria/shizuoka/snorth.html/,(不明),"12,119",text/html;charset=UTF-8
エネリア東部おススメ！省エネエアコン,https://www.shizuokagas.co.jp/page.jsp?id=48948,(不明),"11,593",text/html;charset=utf-8
エネリア東部の、おトクな家電福袋！,https://www.shizuokagas.co.jp/page.jsp?id=48062,(不明),"12,316",text/html;charset=utf-8
エネリア東部株式会社,https://www.shizuokagas.co.jp/eneria/tobu/index.html/,(不明),"9,549",text/html;charset=utf-8
エネルギーソリューション,https://www.shizuokagas.co.jp/biz/energy/index.html/,(不明),"13,925",text/html;charset=UTF-8
"エンジニアリング お問い合わせ 確認",https://www.shizuokagas.co.jp/page.jsp?id=34972,(不明),"14,734",text/html;charset=UTF-8
"エンジニアリング お問い合わせ 入力",https://www.shizuokagas.co.jp/engineering/contact/index.html/,(不明),"25,394",text/html;charset=UTF-8
おうちプラン1(50Hz/30A),https://www.shizuokagas.co.jp/electric/ryokinPlan/ouchi15030.html/,(不明),"19,239",text/html;charset=UTF-8
おうちプラン1(50Hz/40A),https://www.shizuokagas.co.jp/electric/ryokinPlan/ouchi15040.html/,(不明),"18,909",text/html;charset=UTF-8
おうちプラン1(50Hz/50A),https://www.shizuokagas.co.jp/electric/ryokinPlan/ouchi15050.html/,(不明),"18,906",text/html;charset=UTF-8
おうちプラン1(50Hz/60A),https://www.shizuokagas.co.jp/electric/ryokinPlan/ouchi15060.html/,(不明),"18,891",text/html;charset=UTF-8
おうちプラン1(60Hz/30A),https://www.shizuokagas.co.jp/electric/ryokinPlan/ouchi16030.html/,(不明),"18,722",text/html;charset=UTF-8
おうちプラン1(60Hz/40A),https://www.shizuokagas.co.jp/electric/ryokinPlan/ouchi16040.html/,(不明),"19,090",text/html;charset=UTF-8
おうちプラン1(60Hz/50A),https://www.shizuokagas.co.jp/electric/ryokinPlan/ouchi16050.html/,(不明),"19,173",text/html;charset=UTF-8
おうちプラン1(60Hz/60A),https://www.shizuokagas.co.jp/electric/ryokinPlan/ouchi16060.html/,(不明),"18,969",text/html;charset=UTF-8
おうちプラン2(50Hz),https://www.shizuokagas.co.jp/electric/ryokinPlan/ouchi250.html/,(不明),"18,987",text/html;charset=UTF-8
おうちプラン2(60Hz),https://www.shizuokagas.co.jp/electric/ryokinPlan/ouchi260.html/,(不明),"19,172",text/html;charset=UTF-8
オープン戦（2024年6月度）,https://www.shizuokagas.co.jp/page.jsp?id=50633,(不明),"6,387",text/html;charset=UTF-8
オープン戦（2024年7月度）,https://www.shizuokagas.co.jp/page.jsp?id=50673,(不明),"7,369",text/html;charset=UTF-8
オープン戦（2024年8月度）,https://www.shizuokagas.co.jp/page.jsp?id=50786,(不明),"5,656",text/html;charset=UTF-8
おトクにリフォームするなら今でしょ!キャンペーン,https://www.shizuokagas.co.jp/page.jsp?id=49433,(不明),"11,618",text/html;charset=utf-8
オフィスビル,https://www.shizuokagas.co.jp/biz/product/genre/office.html/,(不明),"13,838",text/html;charset=UTF-8
"お近くの静岡ガス | 静岡ガス",https://www.shizuokagas.co.jp/eneria/index.html,"2024/07/29 月曜日 9:00:00","23,492",text/html
お支払い方法,https://www.shizuokagas.co.jp/gas/rate/pay/index.html/,(不明),"21,717",text/html;charset=UTF-8
お支払期限と延滞利息制度,https://www.shizuokagas.co.jp/gas/rate/calc/charge.html/,(不明),"14,310",text/html;charset=UTF-8
お手続き・お問い合わせ,https://www.shizuokagas.co.jp/support/index.html/,(不明),"36,823",text/html;charset=UTF-8
お申し込みはこちら|エネリアつながるIoT|静岡ガス,https://www.shizuokagas.co.jp/life/iot/appli/index.html/,(不明),"19,160",text/html;charset=UTF-8
お探しのページが見つかりません,https://www.shizuokagas.co.jp/page.jsp?id=null,(不明),"2,938",text/html;charset=UTF-8
お知らせ,https://www.shizuokagas.co.jp/information/index.html/,(不明),"20,097",text/html;charset=UTF-8
お知らせ,https://www.shizuokagas.co.jp/information/index.html/,(不明),"20,097",text/html;charset=UTF-8
"お知らせ | エネリア静岡株式会社",https://www.shizuokagas.co.jp/eneria/shizuoka/information/index.html/,(不明),"9,224",text/html;charset=utf-8
"お知らせ | エネリア東部株式会社",https://www.shizuokagas.co.jp/eneria/tobu/information/index.html/,(不明),"12,239",text/html;charset=utf-8
"お問い合わせ・アクセス | エネリア静岡株式会社",https://www.shizuokagas.co.jp/eneria/shizuoka/contact/index.html,"2024/07/29 月曜日 9:00:00","7,562",text/html
"お問い合わせ・アクセス | エネリア東部株式会社",https://www.shizuokagas.co.jp/eneria/tobu/contact/index.html,"2021/12/22 水曜日 9:00:00","7,393",text/html
"かしこくエコ活！節電量に応じてポイント進呈！！ SHIZGASでんき節電プログラム2022冬 高圧・特別高圧電力契約のお客さま | 静岡ガス",https://www.shizuokagas.co.jp/setsudenp/koatsu.html,"2023/07/10 月曜日 9:00:00","28,176",text/html
"かしこくエコ活！節電量に応じてポイント進呈！！ SHIZGASでんき節電プログラム2024夏 低圧の電力契約のお客さま | 静岡ガス",https://www.shizuokagas.co.jp/setsudenp/teiatsu.html,"2024/07/18 木曜日 9:00:00","39,916",text/html
"かしこく使って楽しくエコ活！SHIZGASアプリ新登場 | 静岡ガス",https://www.shizuokagas.co.jp/app/main/index.html,"2024/09/10 火曜日 9:00:00","32,970",text/html
"かしこく使って楽しくエコ活！SHIZGASアプリ新登場 | 静岡ガス",https://www.shizuokagas.co.jp/app/main/,"2024/09/10 火曜日 9:00:00","32,970",text/html
ガス,https://www.shizuokagas.co.jp/gas/index.html/,(不明),"29,435",text/html;charset=UTF-8
ガスが使えないときは,https://www.shizuokagas.co.jp/trouble/stop.html/,(不明),"23,158",text/html;charset=UTF-8
ガスコージェネレーション,https://www.shizuokagas.co.jp/biz/product/product/gascogene.html/,(不明),"14,804",text/html;charset=UTF-8
ガスコンロ/グリル機能,https://www.shizuokagas.co.jp/equipment/kitchen/useful/grill.html/,(不明),"20,133",text/html;charset=UTF-8
ガスコンロ/コンロ便利機能,https://www.shizuokagas.co.jp/equipment/kitchen/useful/index.html/,(不明),"20,017",text/html;charset=UTF-8
ガスコンロ/らくらくお手入れ,https://www.shizuokagas.co.jp/equipment/kitchen/care/index.html/,(不明),"19,083",text/html;charset=UTF-8
ガスコンロ/安全,https://www.shizuokagas.co.jp/equipment/kitchen/safety/index.html/,(不明),"20,570",text/html;charset=UTF-8
ガスコンロ_ガステーブル,https://www.shizuokagas.co.jp/equipment/kitchen/table/index.html/,(不明),"24,393",text/html;charset=UTF-8
ガスコンロ_ビルトイン,https://www.shizuokagas.co.jp/equipment/kitchen/builtin/index.html/,(不明),"28,729",text/html;charset=UTF-8
ガスと電気まとめるとおトクキャンペーン｜静岡ガスグループ,https://www.shizuokagas.co.jp/gas-electric-set-lp/,"2024/09/03 火曜日 9:00:00","22,453",text/html
ガスのにおいがするときは（警報器がなったときは）,https://www.shizuokagas.co.jp/trouble/index.html/,(不明),"17,740",text/html;charset=UTF-8
ガスヒーポン,https://www.shizuokagas.co.jp/biz/product/product/ghp.html/,(不明),"14,963",text/html;charset=UTF-8
ガスファンヒーター・ガスストーブ,https://www.shizuokagas.co.jp/equipment/living/heaterstove/index.html/,(不明),"31,286",text/html;charset=UTF-8
ガスメーターの復帰手順,https://www.shizuokagas.co.jp/trouble/recovery.html/,(不明),"23,615",text/html;charset=UTF-8
ガス衣類乾燥機,https://www.shizuokagas.co.jp/equipment/bathroom/clothesdryer/index.html/,(不明),"19,741",text/html;charset=UTF-8
ガス衣類乾燥機,https://www.shizuokagas.co.jp/biz/product/product/clothesdrier.html/,(不明),"14,042",text/html;charset=UTF-8
ガス温水床暖房,https://www.shizuokagas.co.jp/equipment/living/floorheating/index.html/,(不明),"19,176",text/html;charset=UTF-8
ガス会社を名乗る不審なメールや電話・訪問にご注意ください,https://www.shizuokagas.co.jp/info/notice/index4.html/,(不明),"14,808",text/html;charset=UTF-8
ガス管の埋設照会,https://www.shizuokagas.co.jp/support/buried/index.html/,(不明),"15,418",text/html;charset=UTF-8
ガス機器・リフォーム展示会　開催！,https://www.shizuokagas.co.jp/page.jsp?id=50263,(不明),"14,289",text/html;charset=utf-8
ガス機器歳末SALE！,https://www.shizuokagas.co.jp/page.jsp?id=47961,(不明),"11,746",text/html;charset=utf-8
ガス給湯器,https://www.shizuokagas.co.jp/equipment/bathroom/waterheater/index.html/,(不明),"31,745",text/html;charset=UTF-8
ガス工事の参考見積額,https://www.shizuokagas.co.jp/about/corporate/agreement/gas.html/,(不明),"14,444",text/html;charset=UTF-8
ガス高速オーブン,https://www.shizuokagas.co.jp/equipment/kitchen/oven/index.html/,(不明),"23,124",text/html;charset=UTF-8
ガス受託製造約款,https://www.shizuokagas.co.jp/about/corporate/accession/index.html/,(不明),"13,301",text/html;charset=UTF-8
ガス炊飯器,https://www.shizuokagas.co.jp/equipment/kitchen/ricecooker/index.html/,(不明),"19,283",text/html;charset=UTF-8
ガス設備安全点検（ガス漏れ検査・ガス機器安全調査）,https://www.shizuokagas.co.jp/about/corporate/disaster/inspection.html/,(不明),"20,373",text/html;charset=UTF-8
ガス設備安全点検（ガス漏れ検査・ガス機器安全調査）,https://www.shizuokagas.co.jp/info/guide/check.html/,(不明),"19,646",text/html;charset=UTF-8
ガス栓の増設,https://www.shizuokagas.co.jp/equipment/living/heaterstove/gastap.html/,(不明),"16,868",text/html;charset=UTF-8
ガス料金について,https://www.shizuokagas.co.jp/biz/rate/detail/index.html/,(不明),"12,506",text/html;charset=UTF-8
"ガス料金についてのお問い合わせ 入力画面",https://www.shizuokagas.co.jp/inquiry/rate/index.html/,(不明),382,text/html;charset=UTF-8
ガス料金のご案内,https://www.shizuokagas.co.jp/biz/rate/index.html/,(不明),"14,089",text/html;charset=UTF-8
ガス料金の計算方法,https://www.shizuokagas.co.jp/gas/rate/calc/index.html/,(不明),"21,615",text/html;charset=UTF-8
ガス料金等クレジットカード払いのご案内,https://www.shizuokagas.co.jp/gas/rate/pay/credit.html/,(不明),"17,153",text/html;charset=UTF-8
カンタンお手続き,https://www.shizuokagas.co.jp/electric/procedure.html/,(不明),"18,789",text/html;charset=UTF-8
キッチン,https://www.shizuokagas.co.jp/reform/kitchen/index.html/,(不明),"20,884",text/html;charset=UTF-8
"キッチン ガス機器・設備",https://www.shizuokagas.co.jp/equipment/index.html/,(不明),"32,276",text/html;charset=UTF-8
くらしサービス,https://www.shizuokagas.co.jp/life/index.html/,(不明),"24,071",text/html;charset=UTF-8
グループ19社が「健康経営優良法人2024」に認定,https://www.shizuokagas.co.jp/page.jsp?id=50319,(不明),"8,329",text/html;charset=UTF-8
コージェネレーションシステム,https://www.shizuokagas.co.jp/biz/rate/menu/hotwatersupply.html/,(不明),"13,738",text/html;charset=UTF-8
"コーチ・スタッフ　樋口 将規｜静岡ガス野球部　-SHIZGAS BASEBALL CLUB-",https://www.shizuokagas.co.jp/about/cont/baseball/member/d7.html,"2024/04/17 水曜日 9:00:00","4,953",text/html
コラム一覧,https://www.shizuokagas.co.jp/column/index.html/,(不明),"20,859",text/html;charset=utf-8
ご家庭のお客さま｜静岡ガス　リダイレクト,https://www.shizuokagas.co.jp/home/index.html/,(不明),423,text/html;charset=UTF-8
"ご家庭のお客様 お問い合わせ 入力画面",https://www.shizuokagas.co.jp/inquiry/other/index.html/,(不明),402,text/html;charset=UTF-8
ご使用開始の流れについて,https://www.shizuokagas.co.jp/support/beginning.html/,(不明),"17,474",text/html;charset=UTF-8
ご使用中止の流れについて,https://www.shizuokagas.co.jp/support/disuse.html/,(不明),"18,602",text/html;charset=UTF-8
ご請求とお支払い,https://www.shizuokagas.co.jp/biz/rate/pay/index.html/,(不明),"14,504",text/html;charset=UTF-8
ご利用方法|エネリアつながるIoT|静岡ガス,https://www.shizuokagas.co.jp/life/iot/howto/index.html/,(不明),"31,904",text/html;charset=UTF-8
サービスプラン|太陽光発電|静岡ガス,https://www.shizuokagas.co.jp/life/fit/service.html/,(不明),"20,465",text/html;charset=Shift_JIS
サービス紹介|エネリアつながるIoT|静岡ガス,https://www.shizuokagas.co.jp/life/iot/index.html/,(不明),"36,073",text/html;charset=UTF-8
サイトマップ,https://www.shizuokagas.co.jp/info/sitemap.html/,(不明),"48,582",text/html;charset=UTF-8
サイトマップ｜清水エル・エヌ・ジー株式会社,https://www.shizuokagas.co.jp/lng/sitemap.html,"2023/07/10 月曜日 9:00:00","5,345",text/html
サステナビリティに関する取り組み｜静岡ガスグループのサステナビリティ,https://www.shizuokagas.co.jp/about/sustainability/attempt.html,"2024/04/02 火曜日 9:00:00","32,418",text/html
サポート|エネリアつながるIoT|静岡ガス,https://www.shizuokagas.co.jp/life/iot/support/index.html/,(不明),"38,903",text/html;charset=UTF-8
"サマーキッズアカデミー in エネリアショールーム柿田川",https://www.shizuokagas.co.jp/page.jsp?id=49066,(不明),"12,457",text/html;charset=UTF-8
ジェネライト,https://www.shizuokagas.co.jp/biz/product/product/genelite.html/,(不明),"14,098",text/html;charset=UTF-8
シズガスカップ静岡ジェードオープン卓球大会2024【出場者募集】,https://www.shizuokagas.co.jp/page.jsp?id=50697,(不明),"14,263",text/html;charset=UTF-8
しまだPay,https://www.shizuokagas.co.jp/life/localmoney/shimadapay/index.html/,(不明),"25,445",text/html;charset=Shift_JIS
"シミュレーション | 静岡ガス",https://www.shizuokagas.co.jp/electric/ryokinsimulation/index.html,"2024/05/16 木曜日 9:00:00","42,140",text/html
ショールームにあそびにいこう！,https://www.shizuokagas.co.jp/eneria/showroom/visit.html/,(不明),"20,706",text/html;charset=UTF-8
"スケジュール｜静岡ガス野球部　-SHIZGAS BASEBALL CLUB-",https://www.shizuokagas.co.jp/about/cont/baseball/schedule/index.html/,(不明),"7,864",text/html;charset=UTF-8
"スケジュールバックナンバー｜静岡ガス野球部　-SHIZGAS BASEBALL CLUB-",https://www.shizuokagas.co.jp/page.jsp?id=40413&date=2024,(不明),"8,095",text/html;charset=UTF-8
"スケジュールバックナンバー｜静岡ガス野球部　-SHIZGAS BASEBALL CLUB-",https://www.shizuokagas.co.jp/page.jsp?id=40413&date=2023,(不明),"8,837",text/html;charset=UTF-8
"スケジュールバックナンバー｜静岡ガス野球部　-SHIZGAS BASEBALL CLUB-",https://www.shizuokagas.co.jp/page.jsp?id=40413&date=2022,(不明),"8,307",text/html;charset=UTF-8
"スケジュールバックナンバー｜静岡ガス野球部　-SHIZGAS BASEBALL CLUB-",https://www.shizuokagas.co.jp/page.jsp?id=40413&date=2021,(不明),"7,744",text/html;charset=UTF-8
"スケジュールバックナンバー｜静岡ガス野球部　-SHIZGAS BASEBALL CLUB-",https://www.shizuokagas.co.jp/page.jsp?id=40413&date=2020,(不明),"7,438",text/html;charset=UTF-8
"スケジュールバックナンバー｜静岡ガス野球部　-SHIZGAS BASEBALL CLUB-",https://www.shizuokagas.co.jp/page.jsp?id=40413&date=2019,(不明),"8,801",text/html;charset=UTF-8
"スケジュールバックナンバー｜静岡ガス野球部　-SHIZGAS BASEBALL CLUB-",https://www.shizuokagas.co.jp/page.jsp?id=40413&date=2018,(不明),"6,036",text/html;charset=UTF-8
スタートアップ卸,https://www.shizuokagas.co.jp/about/corporate/agreement/wholesale.html/,(不明),"12,968",text/html;charset=UTF-8
すっきりはればれ,https://www.shizuokagas.co.jp/life/sukkiri/index.html/,(不明),"16,860",text/html;charset=Shift_JIS
スポーツクラブ・温浴施設,https://www.shizuokagas.co.jp/biz/product/genre/healthclub.html/,(不明),"14,204",text/html;charset=UTF-8
スマートプラグ01|エネリアつながるIoT|静岡ガス,https://www.shizuokagas.co.jp/life/iot/device/smart.html/,(不明),"27,435",text/html;charset=UTF-8
スマホかんたんお申し込み方法|静岡ガス,https://www.shizuokagas.co.jp/site/application/form.html,"2021/06/17 木曜日 9:00:00","10,524",text/html
セコム|エネリアつながるIoT|静岡ガス,https://www.shizuokagas.co.jp/life/iot/secom/index.html/,(不明),"22,330",text/html;charset=UTF-8
その他お問い合わせ　入力画面,https://www.shizuokagas.co.jp/about/inquiry/index.html/,(不明),439,text/html;charset=UTF-8
その他お問い合わせ　入力画面,https://www.shizuokagas.co.jp/about/inquiry/index.html/,(不明),439,text/html;charset=UTF-8
その他契約,https://www.shizuokagas.co.jp/biz/rate/menu/other.html/,(不明),"13,705",text/html;charset=UTF-8
ソラーレ,https://www.shizuokagas.co.jp/life/sora-re/index.html/,(不明),"30,676",text/html;charset=Shift_JIS
ソラーレ・新築,https://www.shizuokagas.co.jp/life/sora-re/newconstruction.html/,(不明),"35,966",text/html;charset=Shift_JIS
ソラーレお問い合わせ・Q&A,https://www.shizuokagas.co.jp/life/sora-re/campaign.html/,(不明),"18,615",text/html;charset=Shift_JIS
"ソリューション | 静岡ガス・エンジニアリング株式会社",https://www.shizuokagas.co.jp/engineering/service/solution/index.html,"2023/05/19 金曜日 9:00:00","27,185",text/html
"チラシ | エネリア静岡株式会社",https://www.shizuokagas.co.jp/eneria/shizuoka/flyer/index.html/,(不明),"8,572",text/html;charset=utf-8
"チラシ | エネリア東部株式会社",https://www.shizuokagas.co.jp/eneria/tobu/flyer/index.html/,(不明),"8,462",text/html;charset=utf-8
"つなぐアート展2023　in エネリアショールーム静岡",https://www.shizuokagas.co.jp/page.jsp?id=49450,(不明),"13,352",text/html;charset=UTF-8
データブック［ガバナンス］｜静岡ガスグループのサステナビリティ,https://www.shizuokagas.co.jp/about/sustainability/databook2.html,"2024/04/11 木曜日 9:00:00","9,143",text/html
データブック［環境］｜静岡ガスグループのサステナビリティ,https://www.shizuokagas.co.jp/about/sustainability/databook3.html,"2024/09/19 木曜日 9:00:00","33,606",text/html
データブック［社会］｜静岡ガスグループのサステナビリティ,https://www.shizuokagas.co.jp/about/sustainability/databook1.html,"2024/04/11 木曜日 9:00:00","21,359",text/html
デシカント空調,https://www.shizuokagas.co.jp/biz/product/product/conditioning.html/,(不明),"13,858",text/html;charset=UTF-8
デバイスについて|エネリアつながるIoT|静岡ガス,https://www.shizuokagas.co.jp/life/iot/device/index.html/,(不明),"35,814",text/html;charset=UTF-8
トイサブ！,https://www.shizuokagas.co.jp/life/toysub/index.html/,(不明),"16,760",text/html;charset=Shift_JIS
トイレ,https://www.shizuokagas.co.jp/reform/toilet/index.html/,(不明),"18,547",text/html;charset=UTF-8
"トークイベント　BRIDGE SHIZUOKA vol.9　−「旅したいまち」になる！　のご案内",https://www.shizuokagas.co.jp/page.jsp?id=49592,(不明),"13,839",text/html;charset=UTF-8
ナビダイヤル,https://www.shizuokagas.co.jp/support/navidial.html/,(不明),"15,303",text/html;charset=UTF-8
ニュースリリース｜静岡ガス,https://www.shizuokagas.co.jp/information/news/2014.html,"2015/11/13 金曜日 9:00:00","13,573",text/html
ニュースレター,https://www.shizuokagas.co.jp/biz/naturalgas/naturalgasvehicle/newsletter.html/,(不明),"17,459",text/html;charset=UTF-8
"ネットゼロカーボン・ガスの販売を開始 〜CO2の地産地消に向けた取り組み〜｜静岡ガス",https://www.shizuokagas.co.jp/information/news/2014/0221.html,"2015/11/13 金曜日 9:00:00","9,522",text/html
ネットワークカメラ01|エネリアつながるIoT|静岡ガス,https://www.shizuokagas.co.jp/life/iot/device/camera.html/,(不明),"28,714",text/html;charset=UTF-8
ノーリツ・ハーマン製浴室暖房乾燥機をご使用のお客さまへのお願い,https://www.shizuokagas.co.jp/info/product/safe/2017/0427.html/,(不明),"18,567",text/html;charset=UTF-8
"ノーリツ製 ｢ガスふろ給湯器（屋外据置型）｣のご使用に関する注意とお願い",https://www.shizuokagas.co.jp/info/product/repair/2012/1225.html/,(不明),"21,322",text/html;charset=UTF-8
ノーリツ製ガスふろ給湯器（GRQ）をご使用のお客さまへのお願い,https://www.shizuokagas.co.jp/info/product/safe/2007/0608.html/,(不明),"15,441",text/html;charset=UTF-8
ノーリツ製ガスふろ給湯器(GT)をご使用のお客さまへのお願い,https://www.shizuokagas.co.jp/info/product/safe/2009/0313.html/,(不明),"14,704",text/html;charset=UTF-8
パーパス製ガス機器（給湯暖房用熱源機、給湯器、暖房専用熱源機、設置フリーふろがま）をお使いのお客さまへ,https://www.shizuokagas.co.jp/info/product/safe/2019/0603.html/,(不明),"17,662",text/html;charset=UTF-8
パーパス製ガス機器（給湯暖房用熱源機、給湯器、暖房専用熱源機、設置フリーふろがま）をお使いのお客さまへ（対象機器の追加）,https://www.shizuokagas.co.jp/info/product/safe/2021/0415.html/,(不明),"17,661",text/html;charset=UTF-8
ハーマン製及びノーリツ製天井カセット形浴室暖房乾燥機をご使用のお客さまへのお願い,https://www.shizuokagas.co.jp/info/product/safe/2014/0603.html/,(不明),"16,588",text/html;charset=UTF-8
ハウスクリーニング,https://www.shizuokagas.co.jp/life/housecleaning/index.html,"2024/07/29 月曜日 9:00:00","34,945",text/html
バスルーム,https://www.shizuokagas.co.jp/reform/bath/index.html/,(不明),"24,040",text/html;charset=UTF-8
"バスルーム ガス機器・設備",https://www.shizuokagas.co.jp/equipment/list2.html/,(不明),"34,109",text/html;charset=UTF-8
パロマ工業製瞬間湯沸器をお持ちのお客さまへのお知らせ,https://www.shizuokagas.co.jp/info/product/safe/2008/0718.html/,(不明),"14,639",text/html;charset=UTF-8
パロマ製卓上型一口コンロに関するお知らせ(製品の無償交換),https://www.shizuokagas.co.jp/info/product/safe/2016/0422.html/,(不明),"16,069",text/html;charset=UTF-8
プライバシーポリシー,https://www.shizuokagas.co.jp/info/policy.html/,(不明),"37,781",text/html;charset=UTF-8
プライバシーポリシー,https://www.shizuokagas.co.jp/info/policy.html/,(不明),"37,781",text/html;charset=UTF-8
"プライバシーポリシー | エネリア静岡株式会社",https://www.shizuokagas.co.jp/eneria/shizuoka/policy/index.html,"2022/03/31 木曜日 9:00:00","18,649",text/html
"プライバシーポリシー | エネリア東部株式会社",https://www.shizuokagas.co.jp/eneria/tobu/policy/index.html,"2022/03/31 木曜日 9:00:00","18,653",text/html
"プライバシーポリシー | 静岡ガスクレジット",https://www.shizuokagas.co.jp/sgcredit/privacy/index.html,"2022/12/05 月曜日 9:00:00","7,567",text/html
"プラント建設・保守 | 静岡ガス・エンジニアリング株式会社",https://www.shizuokagas.co.jp/engineering/service/plant/index.html,"2023/05/19 金曜日 9:00:00","16,942",text/html
プレスリリース,https://www.shizuokagas.co.jp/news/index.html/,(不明),"21,722",text/html;charset=UTF-8
"プレスリリース・お知らせ バックナンバー",https://www.shizuokagas.co.jp/news/backnumber.html/?date=2024,(不明),"22,592",text/html;charset=UTF-8
"プレスリリース・お知らせ バックナンバー",https://www.shizuokagas.co.jp/news/backnumber.html/?date=2023,(不明),"30,553",text/html;charset=UTF-8
"プレスリリース・お知らせ バックナンバー",https://www.shizuokagas.co.jp/news/backnumber.html/?date=2022,(不明),"35,883",text/html;charset=UTF-8
"プレスリリース・お知らせ バックナンバー",https://www.shizuokagas.co.jp/news/backnumber.html/?date=2021,(不明),"36,722",text/html;charset=UTF-8
"プレスリリース・お知らせ バックナンバー",https://www.shizuokagas.co.jp/news/backnumber.html/?date=2020,(不明),"37,465",text/html;charset=UTF-8
"プレスリリース・お知らせ バックナンバー",https://www.shizuokagas.co.jp/news/backnumber.html/?date=2019,(不明),"34,578",text/html;charset=UTF-8
"プレスリリース・お知らせ バックナンバー",https://www.shizuokagas.co.jp/news/backnumber.html/?date=2018,(不明),"42,447",text/html;charset=UTF-8
"プレスリリース・お知らせ バックナンバー",https://www.shizuokagas.co.jp/news/backnumber.html/?date=2017,(不明),"38,527",text/html;charset=UTF-8
"プレスリリース・お知らせ バックナンバー",https://www.shizuokagas.co.jp/news/backnumber.html/?date=2016,(不明),"40,664",text/html;charset=UTF-8
"プレスリリース・お知らせ バックナンバー",https://www.shizuokagas.co.jp/news/backnumber.html/?date=2015,(不明),"42,860",text/html;charset=UTF-8
プレスリリース・お知らせバックナンバー,https://www.shizuokagas.co.jp/information/news/back/index.html/,(不明),"9,347",text/html;charset=UTF-8
"ベルテックス静岡と一緒に楽しもう！ in エネリアショールーム静岡",https://www.shizuokagas.co.jp/page.jsp?id=49039,(不明),"13,279",text/html;charset=UTF-8
ぽかぽかプラン(家庭用暖房契約),https://www.shizuokagas.co.jp/gas/rate/menu/pokapoka/index.html/,(不明),"19,712",text/html;charset=UTF-8
ぽかぽかプラン2,https://www.shizuokagas.co.jp/gas/rate/menu/pokapoka2/index.html/,(不明),"21,329",text/html;charset=UTF-8
ホンダ技研工業製エコウィルをご使用のお客さまへのお知らせ,https://www.shizuokagas.co.jp/info/product/repair/2009/1012.html/,(不明),"18,159",text/html;charset=UTF-8
マイホーム発電,https://www.shizuokagas.co.jp/enefarm/index.html/,(不明),"20,900",text/html;charset=UTF-8
マルチセンサー01|エネリアつながるIoT|静岡ガス,https://www.shizuokagas.co.jp/life/iot/device/sensor01.html/,(不明),"28,178",text/html;charset=UTF-8
マルチセンサー02|エネリアつながるIoT|静岡ガス,https://www.shizuokagas.co.jp/life/iot/device/sensor02.html/,(不明),"29,609",text/html;charset=UTF-8
マンション内電力融通システム「Ｔ−グリッドシステム」採用のスマートタウン計画について｜静岡ガス,https://www.shizuokagas.co.jp/information/news/2014/0130.html,"2015/11/13 金曜日 9:00:00","12,748",text/html
"ミニ解説 − よくわかる！静岡ガス｜静岡ガス株式会社",https://www.shizuokagas.co.jp/company/ir/special/terms.html,"2019/11/28 木曜日 9:00:00","11,334",text/html
"みらいのエネルギー「燃料電池」を学ぼう！ in エネリアショールーム静岡",https://www.shizuokagas.co.jp/page.jsp?id=49070,(不明),"13,055",text/html;charset=UTF-8
メーターの定期取替え作業,https://www.shizuokagas.co.jp/info/guide/meter.html/,(不明),"17,324",text/html;charset=UTF-8
メンテナンススケジュール,https://www.shizuokagas.co.jp/reform/schedule/index.html/,(不明),"19,368",text/html;charset=UTF-8
メンテナンスリース,https://www.shizuokagas.co.jp/biz/energy/maintenance.html/,(不明),"15,099",text/html;charset=UTF-8
ユーザーボイス,https://www.shizuokagas.co.jp/enefarm/voice.html/,(不明),"23,852",text/html;charset=UTF-8
よくわかる！静岡ガス｜静岡ガス株式会社,https://www.shizuokagas.co.jp/company/ir/special/index.html,"2019/11/28 木曜日 9:00:00","13,081",text/html
"リビング ガス機器・設備",https://www.shizuokagas.co.jp/equipment/list3.html/,(不明),"18,907",text/html;charset=UTF-8
リビングダイニング,https://www.shizuokagas.co.jp/reform/living/index.html/,(不明),"19,004",text/html;charset=UTF-8
リンク｜清水エル・エヌ・ジー株式会社,https://www.shizuokagas.co.jp/lng/link/index.html,"2023/07/10 月曜日 9:00:00","4,772",text/html
リンク集,https://www.shizuokagas.co.jp/biz/naturalgas/naturalgasvehicle/link.html/,(不明),"12,952",text/html;charset=UTF-8
"リンナイ製 バランス型ふろがまをご使用のお客さまへのお願い",https://www.shizuokagas.co.jp/info/product/safe/2011/0630.html/,(不明),"18,209",text/html;charset=UTF-8
リンナイ製ガス炊飯器をご使用のお客さまへのお願い,https://www.shizuokagas.co.jp/info/product/safe/2010/0713.html/,(不明),"17,059",text/html;charset=UTF-8
リンナイ製ガス暖房給湯器をご使用のお客さまへのお願い,https://www.shizuokagas.co.jp/info/product/safe/2011/0204.html/,(不明),"19,851",text/html;charset=UTF-8
レンジフード,https://www.shizuokagas.co.jp/equipment/kitchen/rangefood/index.html/,(不明),"23,843",text/html;charset=UTF-8
安全チェック隊,https://www.shizuokagas.co.jp/life/watch/index.html/,(不明),"18,177",text/html;charset=UTF-8
安全防災への取組み｜清水エル・エヌ・ジー株式会社,https://www.shizuokagas.co.jp/lng/prevention/index.html,"2023/07/10 月曜日 9:00:00","8,745",text/html
一般料金,https://www.shizuokagas.co.jp/gas/rate/menu/general/index.html/,(不明),"20,634",text/html;charset=UTF-8
飲食施設,https://www.shizuokagas.co.jp/biz/product/genre/restaurant.html/,(不明),"14,334",text/html;charset=UTF-8
延滞利息制度,https://www.shizuokagas.co.jp/biz/rate/detail/charge.html/,(不明),"13,305",text/html;charset=UTF-8
温水ボイラー,https://www.shizuokagas.co.jp/biz/product/product/hotwaterboiler.html/,(不明),"14,355",text/html;charset=UTF-8
何でもQ&amp;A｜清水エル・エヌ・ジー株式会社,https://www.shizuokagas.co.jp/lng/faq/index.html,"2023/07/10 月曜日 9:00:00","5,902",text/html
加盟店募集_しまだPay,https://www.shizuokagas.co.jp/life/localmoney/shimadapay/kameiten.html/,(不明),"19,713",text/html;charset=Shift_JIS
夏のリフォーム相談会,https://www.shizuokagas.co.jp/page.jsp?id=50846,(不明),"16,341",text/html;charset=utf-8
夏の節電プログラム実施について,https://www.shizuokagas.co.jp/page.jsp?id=50742,(不明),"16,214",text/html;charset=UTF-8
夏休み・清水エル・エヌ・ジー基地親子見学会2024,https://www.shizuokagas.co.jp/page.jsp?id=50716,(不明),"13,862",text/html;charset=UTF-8
家を建てたい！と思っている方に,https://www.shizuokagas.co.jp/gas/myhome/index.html/,(不明),"35,430",text/html;charset=UTF-8
"家庭用燃料電池「エネファーム」 累計販売台数1,000台を達成｜静岡ガス",https://www.shizuokagas.co.jp/information/news/2014/1121.html,"2015/11/13 金曜日 9:00:00","11,661",text/html
会社案内?グループ会社,https://www.shizuokagas.co.jp/about/corporate/group/index.html/,(不明),"20,425",text/html;charset=UTF-8
会社案内?グループ会社,https://www.shizuokagas.co.jp/about/corporate/group/index.html/,(不明),"20,585",text/html;charset=UTF-8
会社案内?ごあいさつ,https://www.shizuokagas.co.jp/about/corporate/guide/message.html/,(不明),"15,294",text/html;charset=UTF-8
会社案内?沿革,https://www.shizuokagas.co.jp/about/corporate/guide/history.html/,(不明),"21,623",text/html;charset=UTF-8
会社案内?会社概要,https://www.shizuokagas.co.jp/about/corporate/guide/outline.html/,(不明),"14,308",text/html;charset=UTF-8
会社案内?企業理念・行動基準,https://www.shizuokagas.co.jp/about/corporate/guide/cphilosophy.html/,(不明),"20,921",text/html;charset=UTF-8
会社案内?企業理念・行動基準,https://www.shizuokagas.co.jp/about/corporate/guide/cphilosophy.html/,(不明),"21,096",text/html;charset=UTF-8
会社案内?供給エリア,https://www.shizuokagas.co.jp/about/corporate/guide/area.html/,(不明),"13,758",text/html;charset=UTF-8
会社案内?事業所・施設,https://www.shizuokagas.co.jp/about/corporate/guide/office.html/,(不明),"16,087",text/html;charset=UTF-8
会社案内?組織図,https://www.shizuokagas.co.jp/about/corporate/guide/organization.html/,(不明),"13,106",text/html;charset=UTF-8
会社案内?電子公告,https://www.shizuokagas.co.jp/about/corporate/publication/index.html/,(不明),"14,589",text/html;charset=UTF-8
会社案内?役員,https://www.shizuokagas.co.jp/about/corporate/guide/officer.html/,(不明),"14,251",text/html;charset=UTF-8
会社案内?約款一覧等,https://www.shizuokagas.co.jp/about/corporate/agreement/index.html/,(不明),"15,170",text/html;charset=UTF-8
"会社概要 - 会社情報｜清水エル・エヌ・ジー株式会社",https://www.shizuokagas.co.jp/lng/company/index.html,"2023/07/10 月曜日 9:00:00","8,030",text/html
"会社概要 | 静岡ガスクレジット",https://www.shizuokagas.co.jp/sgcredit/company/index.html,"2022/12/05 月曜日 9:00:00","4,873",text/html
"会社情報 | 静岡ガス・エンジニアリング株式会社",https://www.shizuokagas.co.jp/engineering/company/index.html,"2024/03/27 水曜日 9:00:00","25,991",text/html
快適ガスライフの基礎知識,https://www.shizuokagas.co.jp/info/use/index.html/,(不明),"20,661",text/html;charset=UTF-8
快適生活おうえんリース,https://www.shizuokagas.co.jp/life/equipment/lease/index.html/,(不明),"25,008",text/html;charset=UTF-8
開催済みイベント,https://www.shizuokagas.co.jp/owners/Events.html/,(不明),"57,225",text/html;charset=UTF-8
"外野手　夏賀 貞伍｜静岡ガス野球部　-SHIZGAS BASEBALL CLUB-",https://www.shizuokagas.co.jp/about/cont/baseball/member/d13.html,"2024/04/17 水曜日 9:00:00","4,860",text/html
"外野手　上嶋 健司｜静岡ガス野球部　-SHIZGAS BASEBALL CLUB-",https://www.shizuokagas.co.jp/about/cont/baseball/member/d25.html,"2024/04/17 水曜日 9:00:00","4,897",text/html
"外野手　榛村 大吾｜静岡ガス野球部　-SHIZGAS BASEBALL CLUB-",https://www.shizuokagas.co.jp/about/cont/baseball/member/d7sinmura.html,"2024/04/17 水曜日 9:00:00","4,862",text/html
"外野手　早川 顕一｜静岡ガス野球部　-SHIZGAS BASEBALL CLUB-",https://www.shizuokagas.co.jp/about/cont/baseball/member/d23.html,"2024/04/17 水曜日 9:00:00","4,863",text/html
"外野手　相川 天河｜静岡ガス野球部　-SHIZGAS BASEBALL CLUB-",https://www.shizuokagas.co.jp/about/cont/baseball/member/d20aikawa.html,"2024/04/17 水曜日 9:00:00","4,872",text/html
"外野手　瀧本 聖也｜静岡ガス野球部　-SHIZGAS BASEBALL CLUB-",https://www.shizuokagas.co.jp/about/cont/baseball/member/d10.html,"2024/04/17 水曜日 9:00:00","4,854",text/html
"外野手　渡邊 洋平｜静岡ガス野球部　-SHIZGAS BASEBALL CLUB-",https://www.shizuokagas.co.jp/about/cont/baseball/member/d24.html,"2024/04/17 水曜日 9:00:00","4,888",text/html
"外野手　尾内 勇輝｜静岡ガス野球部　-SHIZGAS BASEBALL CLUB-",https://www.shizuokagas.co.jp/about/cont/baseball/member/d25onai.html,"2024/04/17 水曜日 9:00:00","4,894",text/html
学校・保育園,https://www.shizuokagas.co.jp/biz/product/genre/school.html/,(不明),"15,253",text/html;charset=UTF-8
環境・安全安心｜地域貢献｜静岡ガスグループ,https://www.shizuokagas.co.jp/society/environment.html/,(不明),"22,729",text/html;charset=UTF-8
環境への取組み｜清水エル・エヌ・ジー株式会社,https://www.shizuokagas.co.jp/lng/ecology/index.html,"2023/07/10 月曜日 9:00:00","6,604",text/html
"環境性シミュレーション | 静岡ガス",https://www.shizuokagas.co.jp/gas/use/citygas/earth.html,"2018/10/29 月曜日 9:00:00","18,787",text/html
"監督　車谷 芳紀｜静岡ガス野球部　-SHIZGAS BASEBALL CLUB-",https://www.shizuokagas.co.jp/about/cont/baseball/member/d30.html,"2024/04/17 水曜日 9:00:00","4,954",text/html
関連リンク,https://www.shizuokagas.co.jp/info/link.html/,(不明),"12,199",text/html;charset=UTF-8
企業・IR情報,https://www.shizuokagas.co.jp/about/index.html/,(不明),"23,650",text/html;charset=Shift_JIS
"企業・団体さま向けメニューのご案内 | 静岡ガス",https://www.shizuokagas.co.jp/cooking/showroom/index.html,"2022/09/30 金曜日 9:00:00","20,087",text/html
"企業・団体さま向けメニューのご案内 | 静岡ガス",https://www.shizuokagas.co.jp/cooking/showroom/,"2022/09/30 金曜日 9:00:00","20,087",text/html
企業情報,https://www.shizuokagas.co.jp/about/corporate/index.html/,(不明),"12,098",text/html;charset=UTF-8
基本方針・推進体制｜静岡ガスグループのサステナビリティ,https://www.shizuokagas.co.jp/about/sustainability/basic.html,"2023/07/10 月曜日 9:00:00","7,906",text/html
気候関連財務情報開示タスクフォース（TCFD）提言に基づく情報開示｜静岡ガスグループのサステナビリティ,https://www.shizuokagas.co.jp/about/sustainability/disclosure.html,"2023/07/10 月曜日 9:00:00","26,815",text/html
吸収冷温水機,https://www.shizuokagas.co.jp/biz/product/product/absorption.html/,(不明),"14,248",text/html;charset=UTF-8
給湯器リサイクル事業への協力に関する表彰受領について,https://www.shizuokagas.co.jp/page.jsp?id=50948,(不明),"13,252",text/html;charset=UTF-8
"業務案内 | エネリア静岡株式会社",https://www.shizuokagas.co.jp/eneria/shizuoka/service/index.html,"2022/12/09 金曜日 9:00:00","9,892",text/html
"業務案内 | エネリア静岡株式会社",https://www.shizuokagas.co.jp/eneria/shizuoka/company/index.html,"2024/07/29 月曜日 9:00:00","8,360",text/html
"業務案内 | エネリア東部株式会社",https://www.shizuokagas.co.jp/eneria/tobu/service/index.html,"2022/12/09 金曜日 9:00:00","9,892",text/html
"業務案内 | エネリア東部株式会社",https://www.shizuokagas.co.jp/eneria/tobu/company/index.html,"2021/12/22 水曜日 9:00:00","8,352",text/html
業務委託先への不正アクセスによる当社お客さま情報の外部流出の可能性についてのお詫びとお知らせ,https://www.shizuokagas.co.jp/page.jsp?id=50749,(不明),"15,603",text/html;charset=UTF-8
"業務用 電気料金試算 お問い合わせ　確認画面",https://www.shizuokagas.co.jp/page.jsp?id=36946,(不明),"15,702",text/html;charset=UTF-8
"業務用 電気料金試算 お問い合わせ　入力画面",https://www.shizuokagas.co.jp/biz/inquiry/trial/index2.html/,(不明),"21,330",text/html;charset=UTF-8
"業務用・産業用のお客様 | 静岡ガス",https://www.shizuokagas.co.jp/biz/index.html/,(不明),"29,627",text/html;charset=UTF-8
業務用お問い合わせ　入力画面,https://www.shizuokagas.co.jp/biz/inquiry/index.html/,(不明),452,text/html;charset=UTF-8
業務用ガス機器情報,https://www.shizuokagas.co.jp/biz/product/index.html/,(不明),"18,182",text/html;charset=UTF-8
業務用マルチ給湯器,https://www.shizuokagas.co.jp/biz/product/product/waterheater.html/,(不明),"14,134",text/html;charset=UTF-8
業務用資料請求　入力画面,https://www.shizuokagas.co.jp/biz/inquiry/catalog/index.html/,(不明),446,text/html;charset=UTF-8
業務用電気料金試算　入力画面,https://www.shizuokagas.co.jp/biz/inquiry/trial/index.html/,(不明),"27,895",text/html;charset=UTF-8
業務用料金　確認画面,https://www.shizuokagas.co.jp/electric_test_confirm.jsp,"2017/10/23 月曜日 9:00:00","26,457",text/html
業務用料金　確認画面,https://www.shizuokagas.co.jp/biz/inquiry/rate/confirm.html/,(不明),"15,517",text/html;charset=UTF-8
業務用料金　入力画面,https://www.shizuokagas.co.jp/biz/inquiry/rate/index.html/,(不明),440,text/html;charset=UTF-8
緊急対策,https://www.shizuokagas.co.jp/about/corporate/disaster/emergency.html/,(不明),"19,521",text/html;charset=UTF-8
"駆けつけサービス いつでもSHIZGAS「すぐいくね」",https://www.shizuokagas.co.jp/life/equipment/kaketsuke/index.html/,(不明),"22,922",text/html;charset=UTF-8
空調プラン(家庭用空調契約),https://www.shizuokagas.co.jp/gas/rate/menu/kuuchou/index.html/,(不明),"16,249",text/html;charset=UTF-8
"空調工事 | 静岡ガス・エンジニアリング株式会社",https://www.shizuokagas.co.jp/engineering/service/air/index.html,"2023/05/19 金曜日 9:00:00","11,908",text/html
空調用,https://www.shizuokagas.co.jp/biz/rate/menu/conditioning.html/,(不明),"16,729",text/html;charset=UTF-8
月刊近代建築6月号で当社の新本社ビルが紹介されました｜静岡ガス,https://www.shizuokagas.co.jp/information/newsflash/2013/0711.html,"2015/11/13 金曜日 9:00:00","8,995",text/html
"健康づくり | 静岡ガス",https://www.shizuokagas.co.jp/about/health/index.html,"2024/10/01 火曜日 9:00:00","24,977",text/html
建築業界注目の的、35%の省エネビル！｜静岡ガス,https://www.shizuokagas.co.jp/information/news/2013/0423.html,"2015/11/13 金曜日 9:00:00","12,815",text/html
検針およびガス料金について,https://www.shizuokagas.co.jp/biz/rate/detail/method.html/,(不明),"19,120",text/html;charset=UTF-8
"原料費調整制度 | ガス料金のご案内 | 静岡ガス",https://www.shizuokagas.co.jp/gencho/index.html/,(不明),"14,828",text/html;charset=UTF-8
原料費調整制度および「地球温暖化対策のための課税の特例」による平成26年5月のガス料金について｜静岡ガス,https://www.shizuokagas.co.jp/information/news/2014/0328.html,"2015/11/13 金曜日 9:00:00","13,336",text/html
原料費調整制度に基づく2024年10月のガス料金について,https://www.shizuokagas.co.jp/page.jsp?id=50851,(不明),"17,905",text/html;charset=UTF-8
原料費調整制度に基づく2024年11月のガス料金について,https://www.shizuokagas.co.jp/page.jsp?id=50908,(不明),"18,287",text/html;charset=UTF-8
原料費調整制度に基づく2024年5月のガス料金について,https://www.shizuokagas.co.jp/page.jsp?id=50354,(不明),"18,652",text/html;charset=UTF-8
原料費調整制度に基づく2024年6月のガス料金について,https://www.shizuokagas.co.jp/page.jsp?id=50462,(不明),"19,285",text/html;charset=UTF-8
原料費調整制度に基づく2024年7月のガス料金について,https://www.shizuokagas.co.jp/page.jsp?id=50614,(不明),"18,888",text/html;charset=UTF-8
原料費調整制度に基づく2024年8月のガス料金について,https://www.shizuokagas.co.jp/page.jsp?id=50698,(不明),"17,237",text/html;charset=UTF-8
原料費調整制度に基づく2024年9月のガス料金について,https://www.shizuokagas.co.jp/page.jsp?id=50784,(不明),"17,906",text/html;charset=UTF-8
原料費調整制度に基づく平成26年10月のガス料金について｜静岡ガス,https://www.shizuokagas.co.jp/information/news/2014/0828.html,"2015/11/13 金曜日 9:00:00","12,684",text/html
原料費調整制度に基づく平成26年11月のガス料金について｜静岡ガス,https://www.shizuokagas.co.jp/information/news/2014/0929.html,"2015/11/13 金曜日 9:00:00","12,682",text/html
原料費調整制度に基づく平成26年12月のガス料金について｜静岡ガス,https://www.shizuokagas.co.jp/information/news/2014/1030.html,"2015/11/13 金曜日 9:00:00","12,687",text/html
原料費調整制度に基づく平成26年3月のガス料金について｜静岡ガス,https://www.shizuokagas.co.jp/information/news/2014/0130_2.html,"2015/11/13 金曜日 9:00:00","12,660",text/html
原料費調整制度に基づく平成26年4月のガス料金について｜静岡ガス,https://www.shizuokagas.co.jp/information/news/2014/0227.html,"2015/11/13 金曜日 9:00:00","15,288",text/html
原料費調整制度に基づく平成26年6月のガス料金について｜静岡ガス,https://www.shizuokagas.co.jp/information/news/2014/0428.html,"2015/11/13 金曜日 9:00:00","12,669",text/html
原料費調整制度に基づく平成26年7月のガス料金について｜静岡ガス,https://www.shizuokagas.co.jp/information/news/2014/0529.html,"2015/11/13 金曜日 9:00:00","12,675",text/html
原料費調整制度に基づく平成26年8月のガス料金について｜静岡ガス,https://www.shizuokagas.co.jp/information/news/2014/0627.html,"2015/11/13 金曜日 9:00:00","12,678",text/html
原料費調整制度に基づく平成26年9月のガス料金について｜静岡ガス,https://www.shizuokagas.co.jp/information/news/2014/0730.html,"2015/11/13 金曜日 9:00:00","12,674",text/html
原料費調整制度に基づく平成27年1月のガス料金について｜静岡ガス,https://www.shizuokagas.co.jp/information/news/2014/1127.html,"2015/11/13 金曜日 9:00:00","12,682",text/html
原料費調整制度に基づく平成27年2月のガス料金について｜静岡ガス,https://www.shizuokagas.co.jp/information/news/2014/1225.html,"2015/11/13 金曜日 9:00:00","12,682",text/html
個人情報の取り扱いについて,https://www.shizuokagas.co.jp/owners/personalinfo.html/,(不明),"25,059",text/html;charset=UTF-8
古いガス管の交換のおすすめ,https://www.shizuokagas.co.jp/info/guide/gaspipe.html/,(不明),"16,803",text/html;charset=UTF-8
"公告 - 会社情報｜清水エル・エヌ・ジー株式会社",https://www.shizuokagas.co.jp/lng/account/account.html,"2024/03/11 月曜日 9:00:00","6,473",text/html
"公告 - 会社情報｜清水エル・エヌ・ジー株式会社",https://www.shizuokagas.co.jp/lng/account/Release.html,"2023/07/31 月曜日 9:00:00","5,631",text/html
"公告 | 静岡ガスクレジット",https://www.shizuokagas.co.jp/sgcredit/account/index.html,"2024/03/06 水曜日 9:00:00","4,606",text/html
"工事無料お見積もり・お問い合わせ・資料請求 確認画面",https://www.shizuokagas.co.jp/page.jsp?id=44284,(不明),"17,583",text/html;charset=UTF-8
"工事無料お見積もり・お問い合わせ・資料請求 入力画面",https://www.shizuokagas.co.jp/inquiry/construction/index.html/,(不明),"27,895",text/html;charset=UTF-8
工場,https://www.shizuokagas.co.jp/biz/product/genre/factory.html/,(不明),"13,923",text/html;charset=UTF-8
講座体験レポート,https://www.shizuokagas.co.jp/cooking/report/index.html/,(不明),"18,842",text/html;charset=UTF-8
高圧・特別高圧電力のご案内,https://www.shizuokagas.co.jp/biz/electric/page00.html/,(不明),"16,042",text/html;charset=UTF-8
高圧・特別高圧電力のご案内１,https://www.shizuokagas.co.jp/biz/electric/page01.html/,(不明),"14,343",text/html;charset=UTF-8
高圧・特別高圧電力のご案内２,https://www.shizuokagas.co.jp/biz/electric/page02.html/,(不明),"14,659",text/html;charset=UTF-8
国際石油開発帝石との液化天然ガス(LNG)売買に関する基本合意書の締結について｜静岡ガス,https://www.shizuokagas.co.jp/information/news/2014/0529_2.html,"2015/11/13 金曜日 9:00:00","10,234",text/html
"国民スポーツ大会2024静岡県大会 優勝",https://www.shizuokagas.co.jp/page.jsp?id=50630,(不明),"5,490",text/html;charset=UTF-8
国民スポーツ大会2024本大会進出,https://www.shizuokagas.co.jp/page.jsp?id=50821,(不明),"5,563",text/html;charset=UTF-8
"国民スポーツ大会SAGA2024軟式野球 第45回東海ブロック大会",https://www.shizuokagas.co.jp/page.jsp?id=50790,(不明),"6,151",text/html;charset=UTF-8
国民保護業務計画／新型インフルエンザ等対策に関する業務計画および事業継続計画,https://www.shizuokagas.co.jp/about/corporate/disaster/protect.html/,(不明),"14,130",text/html;charset=UTF-8
"採用情報 | エネリア静岡株式会社",https://www.shizuokagas.co.jp/eneria/shizuoka/recruit/index.html,"2021/12/24 金曜日 9:00:00","6,503",text/html
"採用情報 | エネリア東部株式会社",https://www.shizuokagas.co.jp/eneria/tobu/recruit/index.html,"2021/12/22 水曜日 9:00:00","6,503",text/html
"採用情報 | 静岡ガス・エンジニアリング株式会社",https://www.shizuokagas.co.jp/engineering/recruit/index.html,"2023/05/19 金曜日 9:00:00","11,778",text/html
市民参画と公民連携により電力の地産地消と地域経済の循環を促進する取り組みを開始,https://www.shizuokagas.co.jp/page.jsp?id=50445,(不明),"16,256",text/html;charset=UTF-8
資金決済法に基づく情報提供,https://www.shizuokagas.co.jp/life/localmoney/shimadapay/shikinkessai.html/,(不明),"17,474",text/html;charset=Shift_JIS
資材購買,https://www.shizuokagas.co.jp/about/purchase/index.html/,(不明),"11,132",text/html;charset=Shift_JIS
"資料請求・お見積もり・商品に関するお問い合わせ 確認画面",https://www.shizuokagas.co.jp/page.jsp?id=44263,(不明),"17,203",text/html;charset=UTF-8
"資料請求・お見積もり・商品に関するお問い合わせ 入力画面",https://www.shizuokagas.co.jp/inquiry/equipment/index.html/,(不明),"26,005",text/html;charset=UTF-8
"事業案内 | 静岡ガス・エンジニアリング株式会社",https://www.shizuokagas.co.jp/engineering/service/index.html,"2023/05/19 金曜日 9:00:00","10,160",text/html
事前登録|太陽光発電|静岡ガス,https://www.shizuokagas.co.jp/life/fit/campaign.html/,(不明),"17,367",text/html;charset=Shift_JIS
自社敷設の送電線「自営線」で太陽光電力を企業間融通,https://www.shizuokagas.co.jp/page.jsp?id=50560,(不明),"15,371",text/html;charset=UTF-8
"社員紹介 関矢太郎 | 静岡ガス・エンジニアリング株式会社",https://www.shizuokagas.co.jp/engineering/recruit/staff01/index.html,"2023/05/19 金曜日 9:00:00","10,109",text/html
"社員紹介 石田英範 | 静岡ガス・エンジニアリング株式会社",https://www.shizuokagas.co.jp/engineering/recruit/staff02/index.html,"2023/05/19 金曜日 9:00:00","9,843",text/html
蛇口一体型浄水器,https://www.shizuokagas.co.jp/equipment/kitchen/cock/index.html/,(不明),"18,437",text/html;charset=UTF-8
取り組み・活動?ＣＳＲ調達,https://www.shizuokagas.co.jp/about/csr/index.html/,(不明),"23,242",text/html;charset=UTF-8
取り組み・活動?お問い合わせ先,https://www.shizuokagas.co.jp/about/contact_target/index.html/,(不明),"15,319",text/html;charset=UTF-8
取り組み・活動?グリーン購入推進の手引き,https://www.shizuokagas.co.jp/about/green/index.html/,(不明),"16,343",text/html;charset=UTF-8
取り組み・活動?コンプライアンス,https://www.shizuokagas.co.jp/about/corporate/compliance/index.html/,(不明),"13,013",text/html;charset=UTF-8
取り組み・活動?安全と防災,https://www.shizuokagas.co.jp/about/corporate/disaster/index.html/,(不明),"15,825",text/html;charset=UTF-8
取り組み・活動?環境への取り組み,https://www.shizuokagas.co.jp/about/envi/index.html/,(不明),422,text/html;charset=UTF-8
取り組み・活動?主な購買品目,https://www.shizuokagas.co.jp/about/main_purchasing/index.html/,(不明),"13,098",text/html;charset=UTF-8
取り組み・活動?女性の活躍推進,https://www.shizuokagas.co.jp/about/femaleemployees/index.html/,(不明),"12,924",text/html;charset=UTF-8
需給調整市場参入について,https://www.shizuokagas.co.jp/page.jsp?id=50618,(不明),"17,611",text/html;charset=UTF-8
修理のお申し込み前に確認をお願いいたします,https://www.shizuokagas.co.jp/support/check.html/,(不明),"16,897",text/html;charset=UTF-8
修理体制・修理費について,https://www.shizuokagas.co.jp/support/repair.html/,(不明),"21,426",text/html;charset=UTF-8
"重要なお知らせ | 静岡ガスクレジット",https://www.shizuokagas.co.jp/sgcredit/infomation/index.html,"2022/11/09 水曜日 9:00:00","11,138",text/html
宿泊施設,https://www.shizuokagas.co.jp/biz/product/genre/lodging.html/,(不明),"15,199",text/html;charset=UTF-8
初夏のエネリア祭　in　東部地区,https://www.shizuokagas.co.jp/page.jsp?id=50577,(不明),"17,455",text/html;charset=utf-8
"商品・サービスに関するお問い合わせ・資料請求 入力画面",https://www.shizuokagas.co.jp/inquiry/catalog/index.html/,(不明),403,text/html;charset=UTF-8
小型湯沸器・ガスストーブをご使用のお客さまへ?ご使用上の注意?,https://www.shizuokagas.co.jp/info/product/use/stove.html/,(不明),"17,521",text/html;charset=UTF-8
床暖プラン(家庭用温水暖房契約),https://www.shizuokagas.co.jp/gas/rate/menu/yukadan/index.html/,(不明),"18,139",text/html;charset=UTF-8
消費機器保安における保安管理体制,https://www.shizuokagas.co.jp/about/corporate/disaster/security.html/,(不明),"15,482",text/html;charset=UTF-8
消費税法の改正および「地球温暖化対策のための課税の特例」によるガス料金の改定について｜静岡ガス,https://www.shizuokagas.co.jp/information/news/2014/0221_2.html,"2015/11/13 金曜日 9:00:00","11,172",text/html
消費税率変更に伴うガス料金の改定について,https://www.shizuokagas.co.jp/page.jsp?id=41619,(不明),"13,843",text/html;charset=UTF-8
省エネルギー診断サービス「あなたにもっとやさしいくらし」,https://www.shizuokagas.co.jp/life/equipment/ecoshindan/index.html/,(不明),"16,337",text/html;charset=UTF-8
省エネ機器お見積りキャンペーン,https://www.shizuokagas.co.jp/page.jsp?id=49242,(不明),"11,260",text/html;charset=utf-8
省エネ診断（業務用）,https://www.shizuokagas.co.jp/biz/energy/b_diagnose.html/,(不明),"15,108",text/html;charset=UTF-8
省エネ診断（産業用）,https://www.shizuokagas.co.jp/biz/energy/suggestion.html/,(不明),"13,809",text/html;charset=UTF-8
蒸気ボイラー,https://www.shizuokagas.co.jp/biz/product/product/steamboiler.html/,(不明),"14,065",text/html;charset=UTF-8
新体制始動しました,https://www.shizuokagas.co.jp/page.jsp?id=50175,(不明),"5,142",text/html;charset=UTF-8
新築のZEH建築支援における連携を開始,https://www.shizuokagas.co.jp/page.jsp?id=50565,(不明),"18,433",text/html;charset=UTF-8
"新着情報｜静岡ガス野球部　-SHIZGAS BASEBALL CLUB-",https://www.shizuokagas.co.jp/about/cont/baseball/news/index.html/,(不明),"6,951",text/html;charset=UTF-8
"新着情報バックナンバー｜静岡ガス野球部　-SHIZGAS BASEBALL CLUB-",https://www.shizuokagas.co.jp/page.jsp?id=47018&date=2024,(不明),"7,135",text/html;charset=UTF-8
"新着情報バックナンバー｜静岡ガス野球部　-SHIZGAS BASEBALL CLUB-",https://www.shizuokagas.co.jp/page.jsp?id=47018&date=2023,(不明),"7,135",text/html;charset=UTF-8
"新着情報バックナンバー｜静岡ガス野球部　-SHIZGAS BASEBALL CLUB-",https://www.shizuokagas.co.jp/page.jsp?id=47018&date=2022,(不明),"7,113",text/html;charset=UTF-8
"新着情報バックナンバー｜静岡ガス野球部　-SHIZGAS BASEBALL CLUB-",https://www.shizuokagas.co.jp/page.jsp?id=47018&date=2021,(不明),"7,107",text/html;charset=UTF-8
"新着情報バックナンバー｜静岡ガス野球部　-SHIZGAS BASEBALL CLUB-",https://www.shizuokagas.co.jp/page.jsp?id=47018&date=2020,(不明),"7,002",text/html;charset=UTF-8
"新着情報バックナンバー｜静岡ガス野球部　-SHIZGAS BASEBALL CLUB-",https://www.shizuokagas.co.jp/page.jsp?id=47018&date=2019,(不明),"8,385",text/html;charset=UTF-8
新本社ビルのご紹介｜静岡ガス,https://www.shizuokagas.co.jp/special/proposal.html,"2016/01/19 火曜日 9:00:00","7,921",text/html
"親子で楽しむ！ Xmas Festa　in　エネリアショールーム柿田川",https://www.shizuokagas.co.jp/page.jsp?id=49785,(不明),"12,461",text/html;charset=UTF-8
人事に関するお知らせ｜静岡ガス,https://www.shizuokagas.co.jp/information/news/2014/1219.html,"2015/11/13 金曜日 9:00:00","9,547",text/html
人事に関するお知らせ｜静岡ガス,https://www.shizuokagas.co.jp/information/news/2014/0926.html,"2015/11/13 金曜日 9:00:00","8,133",text/html
人事に関するお知らせ｜静岡ガス,https://www.shizuokagas.co.jp/information/news/2014/0401.html,"2015/11/13 金曜日 9:00:00","9,224",text/html
厨房/ボイラー用,https://www.shizuokagas.co.jp/biz/rate/menu/kitchen.html/,(不明),"16,157",text/html;charset=UTF-8
厨房機器,https://www.shizuokagas.co.jp/biz/product/product/kitchen.html/,(不明),"16,377",text/html;charset=UTF-8
清水エル・エヌ・ジー株式会社,https://www.shizuokagas.co.jp/lng/index.html,"2023/07/10 月曜日 9:00:00","5,210",text/html
静岡エネリアタウン,https://www.shizuokagas.co.jp/home/equipment/reform/town/sp/index.html,"2021/03/16 火曜日 9:00:00","13,038",text/html
静岡ガス,https://www.shizuokagas.co.jp/,(不明),"44,505",text/html;charset=UTF-8
静岡ガス,https://www.shizuokagas.co.jp/index.html/,(不明),"44,425",text/html;charset=UTF-8
静岡ガス,https://www.shizuokagas.co.jp/company/corporate/tvcm/index.html,"2015/11/13 金曜日 9:00:00","1,095",text/html
静岡ガス＆パワー,https://www.shizuokagas.co.jp/gasandpower/index.html,"2024/10/01 火曜日 9:00:00","28,204",text/html
静岡ガス＆パワー,https://www.shizuokagas.co.jp/gasandpower/aboutus.html,"2023/07/10 月曜日 9:00:00","3,991",text/html
静岡ガス＆パワー,https://www.shizuokagas.co.jp/gasandpower/saisei.html,"2024/10/01 火曜日 9:00:00","16,189",text/html
静岡ガス・エンジニアリング株式会社,https://www.shizuokagas.co.jp/engineering/index.html,"2023/05/19 金曜日 9:00:00","11,433",text/html
"静岡ガスグループ SDGsへの貢献",https://www.shizuokagas.co.jp/about/sdgs/index.html,"2023/07/10 月曜日 9:00:00","10,811",text/html
静岡ガスグループ・新卒／キャリア採用,https://www.shizuokagas.co.jp/recruit/html/index.html,"2024/09/06 金曜日 9:00:00","37,771",text/html
"静岡ガスグループ2050年カーボンニュートラルビジョン | 静岡ガス",https://www.shizuokagas.co.jp/about/2050cnvision/index.html,"2023/07/10 月曜日 9:00:00","18,269",text/html
"静岡ガスグループ2050年カーボンニュートラルビジョン | 静岡ガス",https://www.shizuokagas.co.jp/about/2050cnvision/,"2023/07/10 月曜日 9:00:00","18,269",text/html
静岡ガスグループのサステナビリティ,https://www.shizuokagas.co.jp/about/sustainability/index.html/,(不明),"10,303",text/html;charset=UTF-8
"−静岡ガスグループの電力事業−　新会社 「静岡ガス＆パワー」 設立について｜静岡ガス",https://www.shizuokagas.co.jp/information/news/2014/0624.html,"2015/11/13 金曜日 9:00:00","9,773",text/html
静岡ガスクレジット,https://www.shizuokagas.co.jp/sgcredit/,"2022/11/09 水曜日 9:00:00","5,247",text/html
静岡ガスクレジット,https://www.shizuokagas.co.jp/sgcredit/index.html,"2022/11/09 水曜日 9:00:00","5,247",text/html
"静岡ガスによる電力事業への参入 ｜静岡ガス",https://www.shizuokagas.co.jp/information/news/2014/0508.html,"2015/11/13 金曜日 9:00:00","9,284",text/html
静岡ガスの２つのいいね！,https://www.shizuokagas.co.jp/owners/point.html/,(不明),"19,833",text/html;charset=UTF-8
静岡ガス環境行動指針｜静岡ガスグループのサステナビリティ,https://www.shizuokagas.co.jp/about/sustainability/guideline.html,"2023/07/10 月曜日 9:00:00","8,806",text/html
静岡ガス新本社ビルが完成｜静岡ガス,https://www.shizuokagas.co.jp/information/news/2013/0327.html,"2015/11/13 金曜日 9:00:00","9,817",text/html
"静岡ガス野球部　-SHIZGAS BASEBALL CLUB-",https://www.shizuokagas.co.jp/about/cont/baseball/index.html/,(不明),"12,602",text/html;charset=UTF-8
"静岡ガス野球部について｜静岡ガス野球部　-SHIZGAS BASEBALL CLUB-",https://www.shizuokagas.co.jp/about/cont/baseball/about-us/index.html,"2024/09/18 水曜日 9:00:00","5,994",text/html
静岡を拠点とする5社による、フードバンクへのお米の寄贈を実施,https://www.shizuokagas.co.jp/page.jsp?id=50190,(不明),"7,465",text/html;charset=UTF-8
静岡県ドリカムスタート事業「軟式野球クリニック」を実施（清水）,https://www.shizuokagas.co.jp/page.jsp?id=50199,(不明),"5,754",text/html;charset=UTF-8
静岡県地球温暖化防止活動知事褒賞を受賞,https://www.shizuokagas.co.jp/information/news/2015/0316.html/,(不明),"11,572",text/html;charset=shift_jis
静岡県長泉町と、地方創生の推進に向けた「包括連携協定」を締結,https://www.shizuokagas.co.jp/page.jsp?id=50685,(不明),"13,624",text/html;charset=UTF-8
静岡県野球連盟ベストナインに選出,https://www.shizuokagas.co.jp/page.jsp?id=50342,(不明),"5,292",text/html;charset=UTF-8
静岡−浜松間のパイプライン「静浜幹線」の全線開通予定について｜静岡ガス,https://www.shizuokagas.co.jp/information/news/2014/0808.html,"2015/11/13 金曜日 9:00:00","10,459",text/html
赤外線リモコン01|エネリアつながるIoT|静岡ガス,https://www.shizuokagas.co.jp/life/iot/device/infrared.html/,(不明),"30,481",text/html;charset=UTF-8
赤外線リモコン02|エネリアつながるIoT|静岡ガス,https://www.shizuokagas.co.jp/life/iot/device/infrared2.html/,(不明),"33,872",text/html;charset=UTF-8
設備概要｜清水エル・エヌ・ジー株式会社,https://www.shizuokagas.co.jp/lng/equipment/index.html,"2023/07/10 月曜日 9:00:00","11,465",text/html
"節約ができる新しい電気料金プランができました。節約応援プラン | 静岡ガス",https://www.shizuokagas.co.jp/electric/setsuyaku.html,"2024/07/16 火曜日 9:00:00","24,577",text/html
選ぶ,https://www.shizuokagas.co.jp/point/select.html/,(不明),"21,314",text/html;charset=UTF-8
"選手・スタッフ紹介｜静岡ガス野球部　-SHIZGAS BASEBALL CLUB-",https://www.shizuokagas.co.jp/about/cont/baseball/member/index.html,"2024/04/17 水曜日 9:00:00","9,867",text/html
選択約款制度,https://www.shizuokagas.co.jp/biz/rate/menu/list.html/,(不明),"16,331",text/html;charset=UTF-8
全国賃貸住宅新聞との共催セミナーアーカイブ動画配信のお知らせ,https://www.shizuokagas.co.jp/page.jsp?id=50168,(不明),"15,032",text/html;charset=UTF-8
全国賃貸住宅新聞社さまとの共催ページ開設のお知らせ,https://www.shizuokagas.co.jp/page.jsp?id=50745,(不明),"15,263",text/html;charset=UTF-8
組織改編について,https://www.shizuokagas.co.jp/page.jsp?id=50666,(不明),"12,784",text/html;charset=UTF-8
太陽光発電システム,https://www.shizuokagas.co.jp/reform/solar/index.html/,(不明),"20,538",text/html;charset=UTF-8
"代表あいさつ | エネリア静岡株式会社",https://www.shizuokagas.co.jp/eneria/shizuoka/greeting/index.html,"2021/12/24 金曜日 9:00:00","7,498",text/html
"代表あいさつ | エネリア東部株式会社",https://www.shizuokagas.co.jp/eneria/tobu/greeting/index.html,"2021/12/22 水曜日 9:00:00","7,353",text/html
大口供給制度,https://www.shizuokagas.co.jp/biz/rate/menu/kyokyu.html/,(不明),"12,668",text/html;charset=UTF-8
大切なお知らせ,https://www.shizuokagas.co.jp/info/index.html/,(不明),"33,535",text/html;charset=UTF-8
"第11回 食育フェスタ  in エネリアショールーム富士",https://www.shizuokagas.co.jp/page.jsp?id=48958,(不明),"12,934",text/html;charset=UTF-8
第15回&nbsp;静岡ガス奨学生決定｜静岡ガス,https://www.shizuokagas.co.jp/information/news/2014/0722.html,"2015/11/13 金曜日 9:00:00","9,275",text/html
第25回　ブーランジェリーサデポン,https://www.shizuokagas.co.jp/page.jsp?id=47165,(不明),"26,362",text/html;charset=utf-8
第25回静岡ガス奨学生決定,https://www.shizuokagas.co.jp/page.jsp?id=50744,(不明),"13,077",text/html;charset=UTF-8
第26回　やまはち(株)前田幸太郎商店,https://www.shizuokagas.co.jp/page.jsp?id=47418,(不明),"26,747",text/html;charset=utf-8
第27回　田丸屋本店,https://www.shizuokagas.co.jp/page.jsp?id=47596,(不明),"26,955",text/html;charset=utf-8
第28回　いし橋うなぎ店,https://www.shizuokagas.co.jp/page.jsp?id=47767,(不明),"25,561",text/html;charset=utf-8
第29回　ジオガシ旅行団,https://www.shizuokagas.co.jp/page.jsp?id=48083,(不明),"25,176",text/html;charset=utf-8
第30回　田子の月,https://www.shizuokagas.co.jp/page.jsp?id=48719,(不明),"25,285",text/html;charset=utf-8
第31回　水谷商店,https://www.shizuokagas.co.jp/page.jsp?id=48883,(不明),"24,947",text/html;charset=utf-8
第32回　パンドカフー,https://www.shizuokagas.co.jp/page.jsp?id=49084,(不明),"25,765",text/html;charset=utf-8
第33回　富屋珈琲店,https://www.shizuokagas.co.jp/page.jsp?id=49321,(不明),"26,557",text/html;charset=utf-8
第34回　フェイストゥフェイス,https://www.shizuokagas.co.jp/page.jsp?id=49696,(不明),"25,357",text/html;charset=utf-8
第35回　諸国みそ,https://www.shizuokagas.co.jp/page.jsp?id=50061,(不明),"26,086",text/html;charset=utf-8
第36回　トイサブ,https://www.shizuokagas.co.jp/page.jsp?id=50448,(不明),"24,506",text/html;charset=utf-8
第70回県下都市対抗軟式野球大会,https://www.shizuokagas.co.jp/page.jsp?id=50813,(不明),"6,845",text/html;charset=UTF-8
第71回全国ガス野球大会,https://www.shizuokagas.co.jp/page.jsp?id=50788,(不明),"7,632",text/html;charset=UTF-8
第74回東海五県軟式野球大会,https://www.shizuokagas.co.jp/page.jsp?id=50435,(不明),"7,813",text/html;charset=UTF-8
"第78回国民スポーツ大会SAGA2024軟式野球 静岡県大会",https://www.shizuokagas.co.jp/page.jsp?id=50558,(不明),"7,891",text/html;charset=UTF-8
第78回国民スポーツ大会SAGA2024軟式野球競技,https://www.shizuokagas.co.jp/page.jsp?id=50882,(不明),"5,454",text/html;charset=UTF-8
託送供給約款,https://www.shizuokagas.co.jp/about/corporate/agreement/wheeling.html/,(不明),"15,604",text/html;charset=UTF-8
暖房機キャンペーンのご案内,https://www.shizuokagas.co.jp/page.jsp?id=49805,(不明),"13,522",text/html;charset=utf-8
男子バレーボールチーム「東レアローズ静岡」とスポンサー契約を締結,https://www.shizuokagas.co.jp/page.jsp?id=50936,(不明),"14,649",text/html;charset=UTF-8
知育おもちゃサブスクサービス「Toysub！」の提供開始,https://www.shizuokagas.co.jp/page.jsp?id=50238,(不明),"14,833",text/html;charset=UTF-8
地域いきいき,https://www.shizuokagas.co.jp/life/chiiki_ikiiki/index.html/,(不明),"19,622",text/html;charset=Shift_JIS
地域いきいき（よくある質問）,https://www.shizuokagas.co.jp/life/chiiki_ikiiki/qa.html/,(不明),"18,553",text/html;charset=Shift_JIS
地域づくり｜地域貢献｜静岡ガスグループ,https://www.shizuokagas.co.jp/society/community.html/,(不明),"19,760",text/html;charset=UTF-8
地域貢献｜静岡ガスグループ,https://www.shizuokagas.co.jp/page.jsp?id=44897,(不明),"10,399",text/html;charset=UTF-8
地域貢献HOME｜静岡ガスグループ,https://www.shizuokagas.co.jp/society/index.html/,(不明),"20,882",text/html;charset=UTF-8
地域通貨,https://www.shizuokagas.co.jp/life/localmoney/index.html/,(不明),"18,306",text/html;charset=Shift_JIS
地震のときは,https://www.shizuokagas.co.jp/trouble/earthquake.html/,(不明),"22,830",text/html;charset=UTF-8
貯める,https://www.shizuokagas.co.jp/point/accumulate.html/,(不明),"23,078",text/html;charset=UTF-8
貯める／静岡ガス,https://www.shizuokagas.co.jp/point/save/index.html/,(不明),"13,492",text/html;charset=utf-8
賃貸マンション・アパートオーナーの皆さまへ,https://www.shizuokagas.co.jp/owners/index.html/,(不明),"22,972",text/html;charset=UTF-8
"賃貸住宅フェア in 東京 視察バスツアーのお知らせ",https://www.shizuokagas.co.jp/page.jsp?id=49041,(不明),"14,757",text/html;charset=UTF-8
"賃貸住宅フェア2024 in 東京 視察バスツアーのお知らせ",https://www.shizuokagas.co.jp/page.jsp?id=50679,(不明),"15,289",text/html;charset=UTF-8
賃貸物件リース商材のご提案,https://www.shizuokagas.co.jp/life/rent/lifeup.html/,(不明),"31,130",text/html;charset=UTF-8
停電のときは（SHIZGASでんきをお使いのお客さま）,https://www.shizuokagas.co.jp/trouble/blackout.html/,(不明),"26,160",text/html;charset=UTF-8
天皇賜杯第79回全日本軟式野球大会ENEOSトーナメント,https://www.shizuokagas.co.jp/page.jsp?id=50823,(不明),"10,820",text/html;charset=UTF-8
"天皇賜杯第79回全日本軟式野球大会ENEOSトーナメント 準優勝",https://www.shizuokagas.co.jp/page.jsp?id=50911,(不明),"5,818",text/html;charset=UTF-8
天皇賜杯第79回全日本軟式野球大会ENEOSトーナメントに出場します,https://www.shizuokagas.co.jp/page.jsp?id=50884,(不明),"6,049",text/html;charset=UTF-8
天然ガスのご案内,https://www.shizuokagas.co.jp/biz/naturalgas/index.html/,(不明),"13,977",text/html;charset=UTF-8
天然ガスのメリット,https://www.shizuokagas.co.jp/biz/naturalgas/naturalgas/merit.html/,(不明),"13,947",text/html;charset=UTF-8
天然ガス自動車とは,https://www.shizuokagas.co.jp/biz/naturalgas/naturalgasvehicle/detail.html/,(不明),"14,186",text/html;charset=UTF-8
店舗・商業施設,https://www.shizuokagas.co.jp/biz/product/genre/shop.html/,(不明),"15,137",text/html;charset=UTF-8
電気,https://www.shizuokagas.co.jp/electric/index.html/,(不明),"25,378",text/html;charset=UTF-8
"電気料金のしくみ | 静岡ガス",https://www.shizuokagas.co.jp/gasandpower/nencyo.html,"2024/05/30 木曜日 9:00:00","8,114",text/html
電気料金の新付帯割引「スマート電化割」の提供開始について,https://www.shizuokagas.co.jp/page.jsp?id=50781,(不明),"14,624",text/html;charset=UTF-8
電力の地産地消と地域経済の循環を促進する新サービス「SHIZGASあなたのでんきで地域いきいき」提供開始,https://www.shizuokagas.co.jp/page.jsp?id=50441,(不明),"16,685",text/html;charset=UTF-8
電力事業のご案内,https://www.shizuokagas.co.jp/biz/electric/index.html/,(不明),"12,707",text/html;charset=UTF-8
都市ガスにしてみませんか？,https://www.shizuokagas.co.jp/gas/use/citygas/change.html/,(不明),"19,336",text/html;charset=UTF-8
都市ガスのメリット,https://www.shizuokagas.co.jp/gas/use/citygas/merit.html/,(不明),"15,554",text/html;charset=UTF-8
都市ガスの製造・供給,https://www.shizuokagas.co.jp/biz/naturalgas/naturalgas/manufacture.html/,(不明),"15,503",text/html;charset=UTF-8
"投手　安藤 晋作｜静岡ガス野球部　-SHIZGAS BASEBALL CLUB-",https://www.shizuokagas.co.jp/about/cont/baseball/member/d11.html,"2024/04/17 水曜日 9:00:00","4,848",text/html
"投手　小井 敬宏｜静岡ガス野球部　-SHIZGAS BASEBALL CLUB-",https://www.shizuokagas.co.jp/about/cont/baseball/member/d16.html,"2024/04/17 水曜日 9:00:00","4,858",text/html
"投手　竹内 武司｜静岡ガス野球部　-SHIZGAS BASEBALL CLUB-",https://www.shizuokagas.co.jp/about/cont/baseball/member/d21takeuchi.html,"2024/04/17 水曜日 9:00:00","4,860",text/html
"投手　播磨 仙一｜静岡ガス野球部　-SHIZGAS BASEBALL CLUB-",https://www.shizuokagas.co.jp/about/cont/baseball/member/d19.html,"2024/04/17 水曜日 9:00:00","4,852",text/html
"投手　畠山 高弥｜静岡ガス野球部　-SHIZGAS BASEBALL CLUB-",https://www.shizuokagas.co.jp/about/cont/baseball/member/d17.html,"2024/04/17 水曜日 9:00:00","4,861",text/html
"投手　落合 竜杜｜静岡ガス野球部　-SHIZGAS BASEBALL CLUB-",https://www.shizuokagas.co.jp/about/cont/baseball/member/d14ochiai.html,"2024/04/17 水曜日 9:00:00","4,898",text/html
"投手　鈴木 健介｜静岡ガス野球部　-SHIZGAS BASEBALL CLUB-",https://www.shizuokagas.co.jp/about/cont/baseball/member/d15suzuki.html,"2024/04/17 水曜日 9:00:00","4,873",text/html
当社および当社子会社の役員人事に関するお知らせ｜静岡ガス,https://www.shizuokagas.co.jp/information/news/2014/0207.html,"2015/11/13 金曜日 9:00:00","20,755",text/html
当社子会社の役員人事に関するお知らせ｜静岡ガス,https://www.shizuokagas.co.jp/information/news/2014/0624_2.html,"2015/11/13 金曜日 9:00:00","9,845",text/html
当社子会社の役員人事に関するお知らせ｜静岡ガス,https://www.shizuokagas.co.jp/information/news/2014/0212.html,"2015/11/13 金曜日 9:00:00","9,336",text/html
当社人事について,https://www.shizuokagas.co.jp/page.jsp?id=50677,(不明),"14,666",text/html;charset=UTF-8
当社人事について,https://www.shizuokagas.co.jp/page.jsp?id=50663,(不明),"12,850",text/html;charset=UTF-8
当社人事について,https://www.shizuokagas.co.jp/page.jsp?id=50344,(不明),"12,939",text/html;charset=UTF-8
当社役員人事について,https://www.shizuokagas.co.jp/page.jsp?id=50347,(不明),"12,545",text/html;charset=UTF-8
働く女性特有の不安や悩みを解決するコミュニティサイト「marbleMe」を導入,https://www.shizuokagas.co.jp/page.jsp?id=50914,(不明),"14,046",text/html;charset=UTF-8
動画集,https://www.shizuokagas.co.jp/equipment/video.html/,(不明),"28,690",text/html;charset=UTF-8
"内野手　横田 光輝｜静岡ガス野球部　-SHIZGAS BASEBALL CLUB-",https://www.shizuokagas.co.jp/about/cont/baseball/member/d20yokota.html,"2024/04/17 水曜日 9:00:00","4,903",text/html
"内野手　志田 卓也｜静岡ガス野球部　-SHIZGAS BASEBALL CLUB-",https://www.shizuokagas.co.jp/about/cont/baseball/member/d8.html,"2024/04/17 水曜日 9:00:00","4,881",text/html
"内野手　丹甫 航也｜静岡ガス野球部　-SHIZGAS BASEBALL CLUB-",https://www.shizuokagas.co.jp/about/cont/baseball/member/d0.html,"2024/04/17 水曜日 9:00:00","4,896",text/html
"内野手　望月 章至｜静岡ガス野球部　-SHIZGAS BASEBALL CLUB-",https://www.shizuokagas.co.jp/about/cont/baseball/member/d1.html,"2024/04/17 水曜日 9:00:00","4,854",text/html
"内野手　堀 慶一朗｜静岡ガス野球部　-SHIZGAS BASEBALL CLUB-",https://www.shizuokagas.co.jp/about/cont/baseball/member/d21hori.html,"2024/04/17 水曜日 9:00:00","4,850",text/html
"内野手　木村 聡司｜静岡ガス野球部　-SHIZGAS BASEBALL CLUB-",https://www.shizuokagas.co.jp/about/cont/baseball/member/d20kimura.html,"2024/04/17 水曜日 9:00:00","4,869",text/html
年末クリスマスキャンペーン,https://www.shizuokagas.co.jp/page.jsp?id=49891,(不明),"13,557",text/html;charset=utf-8
備えあれば憂いなし,https://www.shizuokagas.co.jp/life/equipment/sonae/index.html/,(不明),"15,710",text/html;charset=UTF-8
病院・福祉施設,https://www.shizuokagas.co.jp/biz/product/genre/medicalwelfare.html/,(不明),"15,518",text/html;charset=UTF-8
浜松上西エコ・ステーション,https://www.shizuokagas.co.jp/biz/naturalgas/naturalgasvehicle/ecostation/kaminishi.html/,(不明),"17,393",text/html;charset=UTF-8
"不動産に関するお悩みを解決します | 静岡ガス",https://www.shizuokagas.co.jp/owners/solution.html/,(不明),"16,351",text/html;charset=UTF-8
富士宮市役所と大宮保育園へカーボンニュートラル都市ガスの供給開始,https://www.shizuokagas.co.jp/page.jsp?id=50380,(不明),"14,489",text/html;charset=UTF-8
敷地内で工事をご予定の皆さまへのお願い,https://www.shizuokagas.co.jp/info/guide/attention.html/,(不明),"16,645",text/html;charset=UTF-8
復旧対策,https://www.shizuokagas.co.jp/about/corporate/disaster/restoration.html/,(不明),"15,494",text/html;charset=UTF-8
文化・スポーツ｜地域貢献｜静岡ガスグループ,https://www.shizuokagas.co.jp/society/sports.html/,(不明),"21,864",text/html;charset=UTF-8
平成25年12月度および平成25年ガス販売状況｜静岡ガス,https://www.shizuokagas.co.jp/information/news/2014/0117.html,"2015/11/13 金曜日 9:00:00","15,293",text/html
平成26年10月度ガス販売状況｜静岡ガス,https://www.shizuokagas.co.jp/information/news/2014/1114.html,"2015/11/13 金曜日 9:00:00","14,092",text/html
平成26年11月度ガス販売状況｜静岡ガス,https://www.shizuokagas.co.jp/information/news/2014/1216.html,"2015/11/13 金曜日 9:00:00","14,285",text/html
平成26年1月度ガス販売状況｜静岡ガス,https://www.shizuokagas.co.jp/information/news/2014/0225.html,"2015/11/13 金曜日 9:00:00","11,385",text/html
平成26年2月度ガス販売状況｜静岡ガス,https://www.shizuokagas.co.jp/information/news/2014/0313.html,"2015/11/13 金曜日 9:00:00","11,575",text/html
平成26年3月度ガス販売状況｜静岡ガス,https://www.shizuokagas.co.jp/information/news/2014/0415.html,"2015/11/13 金曜日 9:00:00","11,877",text/html
平成26年4月度ガス販売状況｜静岡ガス,https://www.shizuokagas.co.jp/information/news/2014/0519.html,"2015/11/13 金曜日 9:00:00","12,043",text/html
平成26年5月度ガス販売状況｜静岡ガス,https://www.shizuokagas.co.jp/information/news/2014/0619.html,"2015/11/13 金曜日 9:00:00","12,309",text/html
平成26年6月度ガス販売状況｜静岡ガス,https://www.shizuokagas.co.jp/information/news/2014/0714.html,"2015/11/13 金曜日 9:00:00","12,392",text/html
平成26年7月度ガス販売状況｜静岡ガス,https://www.shizuokagas.co.jp/information/news/2014/0819.html,"2015/11/13 金曜日 9:00:00","13,388",text/html
平成26年8月度ガス販売状況｜静岡ガス,https://www.shizuokagas.co.jp/information/news/2014/0916.html,"2015/11/13 金曜日 9:00:00","13,606",text/html
平成26年9月度ガス販売状況｜静岡ガス,https://www.shizuokagas.co.jp/information/news/2014/1016.html,"2015/11/13 金曜日 9:00:00","13,847",text/html
平成27年度地球温暖化防止活動環境大臣表彰を受賞,https://www.shizuokagas.co.jp/information/news/2015/1127.html/,(不明),"11,341",text/html;charset=shift_jis
"捕手　増田 来希｜静岡ガス野球部　-SHIZGAS BASEBALL CLUB-",https://www.shizuokagas.co.jp/about/cont/baseball/member/d20masuda.html,"2024/04/17 水曜日 9:00:00","4,851",text/html
"捕手　内山 直哉｜静岡ガス野球部　-SHIZGAS BASEBALL CLUB-",https://www.shizuokagas.co.jp/about/cont/baseball/member/d2.html,"2024/04/17 水曜日 9:00:00","4,837",text/html
"捕手・内野手　浅川 慎介｜静岡ガス野球部　-SHIZGAS BASEBALL CLUB-",https://www.shizuokagas.co.jp/about/cont/baseball/member/d27.html,"2024/04/17 水曜日 9:00:00","4,899",text/html
補助金制度,https://www.shizuokagas.co.jp/enefarm/reparation.html/,(不明),"31,960",text/html;charset=UTF-8
補助金制度,https://www.shizuokagas.co.jp/biz/energy/aid.html/,(不明),"16,917",text/html;charset=UTF-8
補助制度について,https://www.shizuokagas.co.jp/biz/naturalgas/naturalgasvehicle/aid.html/,(不明),"13,734",text/html;charset=UTF-8
訪問設置|エネリアつながるIoT|静岡ガス,https://www.shizuokagas.co.jp/life/iot/visit/index.html/,(不明),"36,810",text/html;charset=UTF-8
"本社ビルがグッドデザイン賞を受賞 −エネルギーの未来を形にした建物−｜静岡ガス",https://www.shizuokagas.co.jp/information/news/2014/1010.html,"2015/11/13 金曜日 9:00:00","10,279",text/html
"本社ビルが省エネ大賞 経済産業大臣賞を受賞",https://www.shizuokagas.co.jp/information/news/2016/0119.html/,(不明),"10,400",text/html;charset=shift_jis
"本社ビルが静岡県景観賞を受賞 −エネルギーの未来を形にした建物−｜静岡ガス",https://www.shizuokagas.co.jp/information/news/2014/1222.html,"2015/11/13 金曜日 9:00:00","10,603",text/html
"未来へつなぐSDGs〜ここに住み続けるために今始めたいこと〜 in エネリアショールーム静岡",https://www.shizuokagas.co.jp/page.jsp?id=49597,(不明),"13,387",text/html;charset=UTF-8
約款一覧,https://www.shizuokagas.co.jp/gas/rate/menu/agreement/index.html/,(不明),"19,747",text/html;charset=UTF-8
予防対策,https://www.shizuokagas.co.jp/about/corporate/disaster/prevention.html/,(不明),"20,581",text/html;charset=UTF-8
余剰電力買取サービス,https://www.shizuokagas.co.jp/enefarm/buy.html/,(不明),"21,317",text/html;charset=UTF-8
浴室暖房乾燥機,https://www.shizuokagas.co.jp/equipment/bathroom/bathroomheater/index.html/,(不明),"24,670",text/html;charset=UTF-8
落語で学ぶ賃貸セミナーのお知らせ,https://www.shizuokagas.co.jp/page.jsp?id=47788,(不明),"15,420",text/html;charset=UTF-8
陸上養殖のトライアル開始について,https://www.shizuokagas.co.jp/page.jsp?id=50691,(不明),"14,486",text/html;charset=UTF-8
料金・プラン,https://www.shizuokagas.co.jp/electric/ryokinplan.html/,(不明),"21,379",text/html;charset=UTF-8
料理教室,https://www.shizuokagas.co.jp/cooking/index.html/,(不明),"16,954",text/html;charset=UTF-8
料理教室のご案内,https://www.shizuokagas.co.jp/cooking/guide/index.html/,(不明),"21,513",text/html;charset=UTF-8
"令和5年度「省エネコミュニケーション・ ランキング制度」で五つ星を獲得",https://www.shizuokagas.co.jp/page.jsp?id=50208,(不明),"15,589",text/html;charset=UTF-8
